gs://cloud-api-183809-vcm/actress_7gods/Higa_Manami/Higa_Manami-001.jpg,Higa_Manami
gs://cloud-api-183809-vcm/actress_7gods/Higa_Manami/Higa_Manami-002.jpg,Higa_Manami
gs://cloud-api-183809-vcm/actress_7gods/Higa_Manami/Higa_Manami-003.jpg,Higa_Manami
gs://cloud-api-183809-vcm/actress_7gods/Higa_Manami/Higa_Manami-004.jpg,Higa_Manami
gs://cloud-api-183809-vcm/actress_7gods/Higa_Manami/Higa_Manami-005.jpg,Higa_Manami
gs://cloud-api-183809-vcm/actress_7gods/Higa_Manami/Higa_Manami-006.jpg,Higa_Manami
gs://cloud-api-183809-vcm/actress_7gods/Higa_Manami/Higa_Manami-007.jpg,Higa_Manami
gs://cloud-api-183809-vcm/actress_7gods/Higa_Manami/Higa_Manami-008.jpg,Higa_Manami
gs://cloud-api-183809-vcm/actress_7gods/Higa_Manami/Higa_Manami-009.jpg,Higa_Manami
gs://cloud-api-183809-vcm/actress_7gods/Higa_Manami/Higa_Manami-010.jpg,Higa_Manami
gs://cloud-api-183809-vcm/actress_7gods/Higa_Manami/Higa_Manami-011.jpg,Higa_Manami
gs://cloud-api-183809-vcm/actress_7gods/Higa_Manami/Higa_Manami-012.jpg,Higa_Manami
gs://cloud-api-183809-vcm/actress_7gods/Higa_Manami/Higa_Manami-013.jpg,Higa_Manami
gs://cloud-api-183809-vcm/actress_7gods/Higa_Manami/Higa_Manami-014.jpg,Higa_Manami
gs://cloud-api-183809-vcm/actress_7gods/Higa_Manami/Higa_Manami-015.jpg,Higa_Manami
gs://cloud-api-183809-vcm/actress_7gods/Higa_Manami/Higa_Manami-016.jpg,Higa_Manami
gs://cloud-api-183809-vcm/actress_7gods/Higa_Manami/Higa_Manami-017.jpg,Higa_Manami
gs://cloud-api-183809-vcm/actress_7gods/Higa_Manami/Higa_Manami-018.jpg,Higa_Manami
gs://cloud-api-183809-vcm/actress_7gods/Higa_Manami/Higa_Manami-019.jpg,Higa_Manami
gs://cloud-api-183809-vcm/actress_7gods/Higa_Manami/Higa_Manami-020.jpg,Higa_Manami
gs://cloud-api-183809-vcm/actress_7gods/Higa_Manami/Higa_Manami-021.jpg,Higa_Manami
gs://cloud-api-183809-vcm/actress_7gods/Higa_Manami/Higa_Manami-022.jpg,Higa_Manami
gs://cloud-api-183809-vcm/actress_7gods/Higa_Manami/Higa_Manami-023.jpg,Higa_Manami
gs://cloud-api-183809-vcm/actress_7gods/Higa_Manami/Higa_Manami-024.jpg,Higa_Manami
gs://cloud-api-183809-vcm/actress_7gods/Higa_Manami/Higa_Manami-025.jpg,Higa_Manami
gs://cloud-api-183809-vcm/actress_7gods/Higa_Manami/Higa_Manami-026.jpg,Higa_Manami
gs://cloud-api-183809-vcm/actress_7gods/Higa_Manami/Higa_Manami-027.jpg,Higa_Manami
gs://cloud-api-183809-vcm/actress_7gods/Higa_Manami/Higa_Manami-028.jpg,Higa_Manami
gs://cloud-api-183809-vcm/actress_7gods/Higa_Manami/Higa_Manami-029.jpg,Higa_Manami
gs://cloud-api-183809-vcm/actress_7gods/Higa_Manami/Higa_Manami-030.jpg,Higa_Manami
gs://cloud-api-183809-vcm/actress_7gods/Higa_Manami/Higa_Manami-031.jpg,Higa_Manami
gs://cloud-api-183809-vcm/actress_7gods/Higa_Manami/Higa_Manami-032.jpg,Higa_Manami
gs://cloud-api-183809-vcm/actress_7gods/Higa_Manami/Higa_Manami-033.jpg,Higa_Manami
gs://cloud-api-183809-vcm/actress_7gods/Higa_Manami/Higa_Manami-034.jpg,Higa_Manami
gs://cloud-api-183809-vcm/actress_7gods/Higa_Manami/Higa_Manami-035.jpg,Higa_Manami
gs://cloud-api-183809-vcm/actress_7gods/Higa_Manami/Higa_Manami-036.jpg,Higa_Manami
gs://cloud-api-183809-vcm/actress_7gods/Higa_Manami/Higa_Manami-037.jpg,Higa_Manami
gs://cloud-api-183809-vcm/actress_7gods/Higa_Manami/Higa_Manami-038.jpg,Higa_Manami
gs://cloud-api-183809-vcm/actress_7gods/Higa_Manami/Higa_Manami-039.jpg,Higa_Manami
gs://cloud-api-183809-vcm/actress_7gods/Higa_Manami/Higa_Manami-040.jpg,Higa_Manami
gs://cloud-api-183809-vcm/actress_7gods/Higa_Manami/Higa_Manami-041.jpg,Higa_Manami
gs://cloud-api-183809-vcm/actress_7gods/Higa_Manami/Higa_Manami-042.jpg,Higa_Manami
gs://cloud-api-183809-vcm/actress_7gods/Higa_Manami/Higa_Manami-043.jpg,Higa_Manami
gs://cloud-api-183809-vcm/actress_7gods/Higa_Manami/Higa_Manami-044.jpg,Higa_Manami
gs://cloud-api-183809-vcm/actress_7gods/Higa_Manami/Higa_Manami-045.jpg,Higa_Manami
gs://cloud-api-183809-vcm/actress_7gods/Higa_Manami/Higa_Manami-046.jpg,Higa_Manami
gs://cloud-api-183809-vcm/actress_7gods/Higa_Manami/Higa_Manami-047.jpg,Higa_Manami
gs://cloud-api-183809-vcm/actress_7gods/Higa_Manami/Higa_Manami-048.jpg,Higa_Manami
gs://cloud-api-183809-vcm/actress_7gods/Higa_Manami/Higa_Manami-049.jpg,Higa_Manami
gs://cloud-api-183809-vcm/actress_7gods/Higa_Manami/Higa_Manami-050.jpg,Higa_Manami
gs://cloud-api-183809-vcm/actress_7gods/Higa_Manami/Higa_Manami-051.jpg,Higa_Manami
gs://cloud-api-183809-vcm/actress_7gods/Higa_Manami/Higa_Manami-052.jpg,Higa_Manami
gs://cloud-api-183809-vcm/actress_7gods/Higa_Manami/Higa_Manami-053.jpg,Higa_Manami
gs://cloud-api-183809-vcm/actress_7gods/Higa_Manami/Higa_Manami-054.jpg,Higa_Manami
gs://cloud-api-183809-vcm/actress_7gods/Higa_Manami/Higa_Manami-055.jpg,Higa_Manami
gs://cloud-api-183809-vcm/actress_7gods/Higa_Manami/Higa_Manami-056.jpg,Higa_Manami
gs://cloud-api-183809-vcm/actress_7gods/Higa_Manami/Higa_Manami-057.jpg,Higa_Manami
gs://cloud-api-183809-vcm/actress_7gods/Higa_Manami/Higa_Manami-058.jpg,Higa_Manami
gs://cloud-api-183809-vcm/actress_7gods/Higa_Manami/Higa_Manami-059.jpg,Higa_Manami
gs://cloud-api-183809-vcm/actress_7gods/Higa_Manami/Higa_Manami-060.jpg,Higa_Manami
gs://cloud-api-183809-vcm/actress_7gods/Higa_Manami/Higa_Manami-061.jpg,Higa_Manami
gs://cloud-api-183809-vcm/actress_7gods/Higa_Manami/Higa_Manami-062.jpg,Higa_Manami
gs://cloud-api-183809-vcm/actress_7gods/Higa_Manami/Higa_Manami-063.jpg,Higa_Manami
gs://cloud-api-183809-vcm/actress_7gods/Higa_Manami/Higa_Manami-064.jpg,Higa_Manami
gs://cloud-api-183809-vcm/actress_7gods/Higa_Manami/Higa_Manami-065.jpg,Higa_Manami
gs://cloud-api-183809-vcm/actress_7gods/Higa_Manami/Higa_Manami-066.jpg,Higa_Manami
gs://cloud-api-183809-vcm/actress_7gods/Higa_Manami/Higa_Manami-067.jpg,Higa_Manami
gs://cloud-api-183809-vcm/actress_7gods/Higa_Manami/Higa_Manami-068.jpg,Higa_Manami
gs://cloud-api-183809-vcm/actress_7gods/Higa_Manami/Higa_Manami-069.jpg,Higa_Manami
gs://cloud-api-183809-vcm/actress_7gods/Higa_Manami/Higa_Manami-070.jpg,Higa_Manami
gs://cloud-api-183809-vcm/actress_7gods/Higa_Manami/Higa_Manami-071.jpg,Higa_Manami
gs://cloud-api-183809-vcm/actress_7gods/Higa_Manami/Higa_Manami-072.jpg,Higa_Manami
gs://cloud-api-183809-vcm/actress_7gods/Higa_Manami/Higa_Manami-073.jpg,Higa_Manami
gs://cloud-api-183809-vcm/actress_7gods/Higa_Manami/Higa_Manami-074.jpg,Higa_Manami
gs://cloud-api-183809-vcm/actress_7gods/Higa_Manami/Higa_Manami-075.jpg,Higa_Manami
gs://cloud-api-183809-vcm/actress_7gods/Higa_Manami/Higa_Manami-076.jpg,Higa_Manami
gs://cloud-api-183809-vcm/actress_7gods/Higa_Manami/Higa_Manami-077.jpg,Higa_Manami
gs://cloud-api-183809-vcm/actress_7gods/Higa_Manami/Higa_Manami-078.jpg,Higa_Manami
gs://cloud-api-183809-vcm/actress_7gods/Higa_Manami/Higa_Manami-079.jpg,Higa_Manami
gs://cloud-api-183809-vcm/actress_7gods/Higa_Manami/Higa_Manami-080.jpg,Higa_Manami
gs://cloud-api-183809-vcm/actress_7gods/Higa_Manami/Higa_Manami-081.jpg,Higa_Manami
gs://cloud-api-183809-vcm/actress_7gods/Higa_Manami/Higa_Manami-082.jpg,Higa_Manami
gs://cloud-api-183809-vcm/actress_7gods/Higa_Manami/Higa_Manami-083.jpg,Higa_Manami
gs://cloud-api-183809-vcm/actress_7gods/Higa_Manami/Higa_Manami-084.jpg,Higa_Manami
gs://cloud-api-183809-vcm/actress_7gods/Higa_Manami/Higa_Manami-085.jpg,Higa_Manami
gs://cloud-api-183809-vcm/actress_7gods/Higa_Manami/Higa_Manami-086.jpg,Higa_Manami
gs://cloud-api-183809-vcm/actress_7gods/Higa_Manami/Higa_Manami-087.jpg,Higa_Manami
gs://cloud-api-183809-vcm/actress_7gods/Higa_Manami/Higa_Manami-088.jpg,Higa_Manami
gs://cloud-api-183809-vcm/actress_7gods/Higa_Manami/Higa_Manami-089.jpg,Higa_Manami
gs://cloud-api-183809-vcm/actress_7gods/Higa_Manami/Higa_Manami-090.jpg,Higa_Manami
gs://cloud-api-183809-vcm/actress_7gods/Higa_Manami/Higa_Manami-091.jpg,Higa_Manami
gs://cloud-api-183809-vcm/actress_7gods/Higa_Manami/Higa_Manami-092.jpg,Higa_Manami
gs://cloud-api-183809-vcm/actress_7gods/Higa_Manami/Higa_Manami-093.jpg,Higa_Manami
gs://cloud-api-183809-vcm/actress_7gods/Higa_Manami/Higa_Manami-094.jpg,Higa_Manami
gs://cloud-api-183809-vcm/actress_7gods/Higa_Manami/Higa_Manami-095.jpg,Higa_Manami
gs://cloud-api-183809-vcm/actress_7gods/Higa_Manami/Higa_Manami-096.jpg,Higa_Manami
gs://cloud-api-183809-vcm/actress_7gods/Higa_Manami/Higa_Manami-097.jpg,Higa_Manami
gs://cloud-api-183809-vcm/actress_7gods/Higa_Manami/Higa_Manami-098.jpg,Higa_Manami
gs://cloud-api-183809-vcm/actress_7gods/Higa_Manami/Higa_Manami-099.jpg,Higa_Manami
gs://cloud-api-183809-vcm/actress_7gods/Higa_Manami/Higa_Manami-100.jpg,Higa_Manami
gs://cloud-api-183809-vcm/actress_7gods/Higa_Manami/Higa_Manami-101.jpg,Higa_Manami
gs://cloud-api-183809-vcm/actress_7gods/Higa_Manami/Higa_Manami-102.jpg,Higa_Manami
gs://cloud-api-183809-vcm/actress_7gods/Higa_Manami/Higa_Manami-103.jpg,Higa_Manami
gs://cloud-api-183809-vcm/actress_7gods/Higa_Manami/Higa_Manami-104.jpg,Higa_Manami
gs://cloud-api-183809-vcm/actress_7gods/Higa_Manami/Higa_Manami-105.jpg,Higa_Manami
gs://cloud-api-183809-vcm/actress_7gods/Higa_Manami/Higa_Manami-106.jpg,Higa_Manami
gs://cloud-api-183809-vcm/actress_7gods/Higa_Manami/Higa_Manami-107.jpg,Higa_Manami
gs://cloud-api-183809-vcm/actress_7gods/Higa_Manami/Higa_Manami-108.jpg,Higa_Manami
gs://cloud-api-183809-vcm/actress_7gods/Higa_Manami/Higa_Manami-109.jpg,Higa_Manami
gs://cloud-api-183809-vcm/actress_7gods/Higa_Manami/Higa_Manami-110.jpg,Higa_Manami
gs://cloud-api-183809-vcm/actress_7gods/Higa_Manami/Higa_Manami-111.jpg,Higa_Manami
gs://cloud-api-183809-vcm/actress_7gods/Higa_Manami/Higa_Manami-112.jpg,Higa_Manami
gs://cloud-api-183809-vcm/actress_7gods/Higa_Manami/Higa_Manami-113.jpg,Higa_Manami
gs://cloud-api-183809-vcm/actress_7gods/Higa_Manami/Higa_Manami-114.jpg,Higa_Manami
gs://cloud-api-183809-vcm/actress_7gods/Higa_Manami/Higa_Manami-115.jpg,Higa_Manami
gs://cloud-api-183809-vcm/actress_7gods/Higa_Manami/Higa_Manami-116.jpg,Higa_Manami
gs://cloud-api-183809-vcm/actress_7gods/Higa_Manami/Higa_Manami-117.jpg,Higa_Manami
gs://cloud-api-183809-vcm/actress_7gods/Higa_Manami/Higa_Manami-118.jpg,Higa_Manami
gs://cloud-api-183809-vcm/actress_7gods/Higa_Manami/Higa_Manami-119.jpg,Higa_Manami
gs://cloud-api-183809-vcm/actress_7gods/Higa_Manami/Higa_Manami-120.jpg,Higa_Manami
gs://cloud-api-183809-vcm/actress_7gods/Higa_Manami/Higa_Manami-121.jpg,Higa_Manami
gs://cloud-api-183809-vcm/actress_7gods/Higa_Manami/Higa_Manami-122.jpg,Higa_Manami
gs://cloud-api-183809-vcm/actress_7gods/Higa_Manami/Higa_Manami-123.jpg,Higa_Manami
gs://cloud-api-183809-vcm/actress_7gods/Higa_Manami/Higa_Manami-124.jpg,Higa_Manami
gs://cloud-api-183809-vcm/actress_7gods/Higa_Manami/Higa_Manami-125.jpg,Higa_Manami
gs://cloud-api-183809-vcm/actress_7gods/Higa_Manami/Higa_Manami-126.jpg,Higa_Manami
gs://cloud-api-183809-vcm/actress_7gods/Higa_Manami/Higa_Manami-127.jpg,Higa_Manami
gs://cloud-api-183809-vcm/actress_7gods/Higa_Manami/Higa_Manami-128.jpg,Higa_Manami
gs://cloud-api-183809-vcm/actress_7gods/Higa_Manami/Higa_Manami-129.jpg,Higa_Manami
gs://cloud-api-183809-vcm/actress_7gods/Higa_Manami/Higa_Manami-130.jpg,Higa_Manami
gs://cloud-api-183809-vcm/actress_7gods/Higa_Manami/Higa_Manami-131.jpg,Higa_Manami
gs://cloud-api-183809-vcm/actress_7gods/Higa_Manami/Higa_Manami-132.jpg,Higa_Manami
gs://cloud-api-183809-vcm/actress_7gods/Higa_Manami/Higa_Manami-133.jpg,Higa_Manami
gs://cloud-api-183809-vcm/actress_7gods/Higa_Manami/Higa_Manami-134.jpg,Higa_Manami
gs://cloud-api-183809-vcm/actress_7gods/Higa_Manami/Higa_Manami-135.jpg,Higa_Manami
gs://cloud-api-183809-vcm/actress_7gods/Higa_Manami/Higa_Manami-136.jpg,Higa_Manami
gs://cloud-api-183809-vcm/actress_7gods/Higa_Manami/Higa_Manami-137.jpg,Higa_Manami
gs://cloud-api-183809-vcm/actress_7gods/Higa_Manami/Higa_Manami-138.jpg,Higa_Manami
gs://cloud-api-183809-vcm/actress_7gods/Higa_Manami/Higa_Manami-139.jpg,Higa_Manami
gs://cloud-api-183809-vcm/actress_7gods/Higa_Manami/Higa_Manami-140.jpg,Higa_Manami
gs://cloud-api-183809-vcm/actress_7gods/Higa_Manami/Higa_Manami-141.jpg,Higa_Manami
gs://cloud-api-183809-vcm/actress_7gods/Higa_Manami/Higa_Manami-142.jpg,Higa_Manami
gs://cloud-api-183809-vcm/actress_7gods/Higa_Manami/Higa_Manami-143.jpg,Higa_Manami
gs://cloud-api-183809-vcm/actress_7gods/Higa_Manami/Higa_Manami-144.jpg,Higa_Manami
gs://cloud-api-183809-vcm/actress_7gods/Higa_Manami/Higa_Manami-145.jpg,Higa_Manami
gs://cloud-api-183809-vcm/actress_7gods/Higa_Manami/Higa_Manami-146.jpg,Higa_Manami
gs://cloud-api-183809-vcm/actress_7gods/Higa_Manami/Higa_Manami-147.jpg,Higa_Manami
gs://cloud-api-183809-vcm/actress_7gods/Higa_Manami/Higa_Manami-148.jpg,Higa_Manami
gs://cloud-api-183809-vcm/actress_7gods/Higa_Manami/Higa_Manami-149.jpg,Higa_Manami
gs://cloud-api-183809-vcm/actress_7gods/Higa_Manami/Higa_Manami-150.jpg,Higa_Manami
gs://cloud-api-183809-vcm/actress_7gods/Higa_Manami/Higa_Manami-151.jpg,Higa_Manami
gs://cloud-api-183809-vcm/actress_7gods/Higa_Manami/Higa_Manami-152.jpg,Higa_Manami
gs://cloud-api-183809-vcm/actress_7gods/Higa_Manami/Higa_Manami-153.jpg,Higa_Manami
gs://cloud-api-183809-vcm/actress_7gods/Higa_Manami/Higa_Manami-154.jpg,Higa_Manami
gs://cloud-api-183809-vcm/actress_7gods/Higa_Manami/Higa_Manami-155.jpg,Higa_Manami
gs://cloud-api-183809-vcm/actress_7gods/Higa_Manami/Higa_Manami-156.jpg,Higa_Manami
gs://cloud-api-183809-vcm/actress_7gods/Higa_Manami/Higa_Manami-157.jpg,Higa_Manami
gs://cloud-api-183809-vcm/actress_7gods/Higa_Manami/Higa_Manami-158.jpg,Higa_Manami
gs://cloud-api-183809-vcm/actress_7gods/Higa_Manami/Higa_Manami-159.jpg,Higa_Manami
gs://cloud-api-183809-vcm/actress_7gods/Higa_Manami/Higa_Manami-160.jpg,Higa_Manami
gs://cloud-api-183809-vcm/actress_7gods/Shibasaki_Kou/Shibasaki_Kou-001.jpg,Shibasaki_Kou
gs://cloud-api-183809-vcm/actress_7gods/Shibasaki_Kou/Shibasaki_Kou-002.jpg,Shibasaki_Kou
gs://cloud-api-183809-vcm/actress_7gods/Shibasaki_Kou/Shibasaki_Kou-003.jpg,Shibasaki_Kou
gs://cloud-api-183809-vcm/actress_7gods/Shibasaki_Kou/Shibasaki_Kou-004.jpg,Shibasaki_Kou
gs://cloud-api-183809-vcm/actress_7gods/Shibasaki_Kou/Shibasaki_Kou-005.jpg,Shibasaki_Kou
gs://cloud-api-183809-vcm/actress_7gods/Shibasaki_Kou/Shibasaki_Kou-006.jpg,Shibasaki_Kou
gs://cloud-api-183809-vcm/actress_7gods/Shibasaki_Kou/Shibasaki_Kou-007.jpg,Shibasaki_Kou
gs://cloud-api-183809-vcm/actress_7gods/Shibasaki_Kou/Shibasaki_Kou-008.jpg,Shibasaki_Kou
gs://cloud-api-183809-vcm/actress_7gods/Shibasaki_Kou/Shibasaki_Kou-009.jpg,Shibasaki_Kou
gs://cloud-api-183809-vcm/actress_7gods/Shibasaki_Kou/Shibasaki_Kou-010.jpg,Shibasaki_Kou
gs://cloud-api-183809-vcm/actress_7gods/Shibasaki_Kou/Shibasaki_Kou-011.jpg,Shibasaki_Kou
gs://cloud-api-183809-vcm/actress_7gods/Shibasaki_Kou/Shibasaki_Kou-012.jpg,Shibasaki_Kou
gs://cloud-api-183809-vcm/actress_7gods/Shibasaki_Kou/Shibasaki_Kou-013.jpg,Shibasaki_Kou
gs://cloud-api-183809-vcm/actress_7gods/Shibasaki_Kou/Shibasaki_Kou-014.jpg,Shibasaki_Kou
gs://cloud-api-183809-vcm/actress_7gods/Shibasaki_Kou/Shibasaki_Kou-015.jpg,Shibasaki_Kou
gs://cloud-api-183809-vcm/actress_7gods/Shibasaki_Kou/Shibasaki_Kou-016.jpg,Shibasaki_Kou
gs://cloud-api-183809-vcm/actress_7gods/Shibasaki_Kou/Shibasaki_Kou-017.jpg,Shibasaki_Kou
gs://cloud-api-183809-vcm/actress_7gods/Shibasaki_Kou/Shibasaki_Kou-018.jpg,Shibasaki_Kou
gs://cloud-api-183809-vcm/actress_7gods/Shibasaki_Kou/Shibasaki_Kou-019.jpg,Shibasaki_Kou
gs://cloud-api-183809-vcm/actress_7gods/Shibasaki_Kou/Shibasaki_Kou-020.jpg,Shibasaki_Kou
gs://cloud-api-183809-vcm/actress_7gods/Shibasaki_Kou/Shibasaki_Kou-021.jpg,Shibasaki_Kou
gs://cloud-api-183809-vcm/actress_7gods/Shibasaki_Kou/Shibasaki_Kou-022.jpg,Shibasaki_Kou
gs://cloud-api-183809-vcm/actress_7gods/Shibasaki_Kou/Shibasaki_Kou-023.jpg,Shibasaki_Kou
gs://cloud-api-183809-vcm/actress_7gods/Shibasaki_Kou/Shibasaki_Kou-024.jpg,Shibasaki_Kou
gs://cloud-api-183809-vcm/actress_7gods/Shibasaki_Kou/Shibasaki_Kou-025.jpg,Shibasaki_Kou
gs://cloud-api-183809-vcm/actress_7gods/Shibasaki_Kou/Shibasaki_Kou-026.jpg,Shibasaki_Kou
gs://cloud-api-183809-vcm/actress_7gods/Shibasaki_Kou/Shibasaki_Kou-027.jpg,Shibasaki_Kou
gs://cloud-api-183809-vcm/actress_7gods/Shibasaki_Kou/Shibasaki_Kou-028.jpg,Shibasaki_Kou
gs://cloud-api-183809-vcm/actress_7gods/Shibasaki_Kou/Shibasaki_Kou-029.jpg,Shibasaki_Kou
gs://cloud-api-183809-vcm/actress_7gods/Shibasaki_Kou/Shibasaki_Kou-030.jpg,Shibasaki_Kou
gs://cloud-api-183809-vcm/actress_7gods/Shibasaki_Kou/Shibasaki_Kou-031.jpg,Shibasaki_Kou
gs://cloud-api-183809-vcm/actress_7gods/Shibasaki_Kou/Shibasaki_Kou-032.jpg,Shibasaki_Kou
gs://cloud-api-183809-vcm/actress_7gods/Shibasaki_Kou/Shibasaki_Kou-033.jpg,Shibasaki_Kou
gs://cloud-api-183809-vcm/actress_7gods/Shibasaki_Kou/Shibasaki_Kou-034.jpg,Shibasaki_Kou
gs://cloud-api-183809-vcm/actress_7gods/Shibasaki_Kou/Shibasaki_Kou-035.jpg,Shibasaki_Kou
gs://cloud-api-183809-vcm/actress_7gods/Shibasaki_Kou/Shibasaki_Kou-036.jpg,Shibasaki_Kou
gs://cloud-api-183809-vcm/actress_7gods/Shibasaki_Kou/Shibasaki_Kou-037.jpg,Shibasaki_Kou
gs://cloud-api-183809-vcm/actress_7gods/Shibasaki_Kou/Shibasaki_Kou-038.jpg,Shibasaki_Kou
gs://cloud-api-183809-vcm/actress_7gods/Shibasaki_Kou/Shibasaki_Kou-039.jpg,Shibasaki_Kou
gs://cloud-api-183809-vcm/actress_7gods/Shibasaki_Kou/Shibasaki_Kou-040.jpg,Shibasaki_Kou
gs://cloud-api-183809-vcm/actress_7gods/Shibasaki_Kou/Shibasaki_Kou-041.jpg,Shibasaki_Kou
gs://cloud-api-183809-vcm/actress_7gods/Shibasaki_Kou/Shibasaki_Kou-042.jpg,Shibasaki_Kou
gs://cloud-api-183809-vcm/actress_7gods/Shibasaki_Kou/Shibasaki_Kou-043.jpg,Shibasaki_Kou
gs://cloud-api-183809-vcm/actress_7gods/Shibasaki_Kou/Shibasaki_Kou-044.jpg,Shibasaki_Kou
gs://cloud-api-183809-vcm/actress_7gods/Shibasaki_Kou/Shibasaki_Kou-045.jpg,Shibasaki_Kou
gs://cloud-api-183809-vcm/actress_7gods/Shibasaki_Kou/Shibasaki_Kou-046.jpg,Shibasaki_Kou
gs://cloud-api-183809-vcm/actress_7gods/Shibasaki_Kou/Shibasaki_Kou-047.jpg,Shibasaki_Kou
gs://cloud-api-183809-vcm/actress_7gods/Shibasaki_Kou/Shibasaki_Kou-048.jpg,Shibasaki_Kou
gs://cloud-api-183809-vcm/actress_7gods/Shibasaki_Kou/Shibasaki_Kou-049.jpg,Shibasaki_Kou
gs://cloud-api-183809-vcm/actress_7gods/Shibasaki_Kou/Shibasaki_Kou-050.jpg,Shibasaki_Kou
gs://cloud-api-183809-vcm/actress_7gods/Shibasaki_Kou/Shibasaki_Kou-051.jpg,Shibasaki_Kou
gs://cloud-api-183809-vcm/actress_7gods/Shibasaki_Kou/Shibasaki_Kou-052.jpg,Shibasaki_Kou
gs://cloud-api-183809-vcm/actress_7gods/Shibasaki_Kou/Shibasaki_Kou-053.jpg,Shibasaki_Kou
gs://cloud-api-183809-vcm/actress_7gods/Shibasaki_Kou/Shibasaki_Kou-054.jpg,Shibasaki_Kou
gs://cloud-api-183809-vcm/actress_7gods/Shibasaki_Kou/Shibasaki_Kou-055.jpg,Shibasaki_Kou
gs://cloud-api-183809-vcm/actress_7gods/Shibasaki_Kou/Shibasaki_Kou-056.jpg,Shibasaki_Kou
gs://cloud-api-183809-vcm/actress_7gods/Shibasaki_Kou/Shibasaki_Kou-057.jpg,Shibasaki_Kou
gs://cloud-api-183809-vcm/actress_7gods/Shibasaki_Kou/Shibasaki_Kou-058.jpg,Shibasaki_Kou
gs://cloud-api-183809-vcm/actress_7gods/Shibasaki_Kou/Shibasaki_Kou-059.jpg,Shibasaki_Kou
gs://cloud-api-183809-vcm/actress_7gods/Shibasaki_Kou/Shibasaki_Kou-060.jpg,Shibasaki_Kou
gs://cloud-api-183809-vcm/actress_7gods/Shibasaki_Kou/Shibasaki_Kou-061.jpg,Shibasaki_Kou
gs://cloud-api-183809-vcm/actress_7gods/Shibasaki_Kou/Shibasaki_Kou-062.jpg,Shibasaki_Kou
gs://cloud-api-183809-vcm/actress_7gods/Shibasaki_Kou/Shibasaki_Kou-063.jpg,Shibasaki_Kou
gs://cloud-api-183809-vcm/actress_7gods/Shibasaki_Kou/Shibasaki_Kou-064.jpg,Shibasaki_Kou
gs://cloud-api-183809-vcm/actress_7gods/Shibasaki_Kou/Shibasaki_Kou-065.jpg,Shibasaki_Kou
gs://cloud-api-183809-vcm/actress_7gods/Shibasaki_Kou/Shibasaki_Kou-066.jpg,Shibasaki_Kou
gs://cloud-api-183809-vcm/actress_7gods/Shibasaki_Kou/Shibasaki_Kou-067.jpg,Shibasaki_Kou
gs://cloud-api-183809-vcm/actress_7gods/Shibasaki_Kou/Shibasaki_Kou-068.jpg,Shibasaki_Kou
gs://cloud-api-183809-vcm/actress_7gods/Shibasaki_Kou/Shibasaki_Kou-069.jpg,Shibasaki_Kou
gs://cloud-api-183809-vcm/actress_7gods/Shibasaki_Kou/Shibasaki_Kou-070.jpg,Shibasaki_Kou
gs://cloud-api-183809-vcm/actress_7gods/Shibasaki_Kou/Shibasaki_Kou-071.jpg,Shibasaki_Kou
gs://cloud-api-183809-vcm/actress_7gods/Shibasaki_Kou/Shibasaki_Kou-072.jpg,Shibasaki_Kou
gs://cloud-api-183809-vcm/actress_7gods/Shibasaki_Kou/Shibasaki_Kou-073.jpg,Shibasaki_Kou
gs://cloud-api-183809-vcm/actress_7gods/Shibasaki_Kou/Shibasaki_Kou-074.jpg,Shibasaki_Kou
gs://cloud-api-183809-vcm/actress_7gods/Shibasaki_Kou/Shibasaki_Kou-075.jpg,Shibasaki_Kou
gs://cloud-api-183809-vcm/actress_7gods/Shibasaki_Kou/Shibasaki_Kou-076.jpg,Shibasaki_Kou
gs://cloud-api-183809-vcm/actress_7gods/Shibasaki_Kou/Shibasaki_Kou-077.jpg,Shibasaki_Kou
gs://cloud-api-183809-vcm/actress_7gods/Shibasaki_Kou/Shibasaki_Kou-078.jpg,Shibasaki_Kou
gs://cloud-api-183809-vcm/actress_7gods/Shibasaki_Kou/Shibasaki_Kou-079.jpg,Shibasaki_Kou
gs://cloud-api-183809-vcm/actress_7gods/Shibasaki_Kou/Shibasaki_Kou-080.jpg,Shibasaki_Kou
gs://cloud-api-183809-vcm/actress_7gods/Shibasaki_Kou/Shibasaki_Kou-081.jpg,Shibasaki_Kou
gs://cloud-api-183809-vcm/actress_7gods/Shibasaki_Kou/Shibasaki_Kou-082.jpg,Shibasaki_Kou
gs://cloud-api-183809-vcm/actress_7gods/Shibasaki_Kou/Shibasaki_Kou-083.jpg,Shibasaki_Kou
gs://cloud-api-183809-vcm/actress_7gods/Shibasaki_Kou/Shibasaki_Kou-084.jpg,Shibasaki_Kou
gs://cloud-api-183809-vcm/actress_7gods/Shibasaki_Kou/Shibasaki_Kou-085.jpg,Shibasaki_Kou
gs://cloud-api-183809-vcm/actress_7gods/Shibasaki_Kou/Shibasaki_Kou-086.jpg,Shibasaki_Kou
gs://cloud-api-183809-vcm/actress_7gods/Shibasaki_Kou/Shibasaki_Kou-087.jpg,Shibasaki_Kou
gs://cloud-api-183809-vcm/actress_7gods/Shibasaki_Kou/Shibasaki_Kou-088.jpg,Shibasaki_Kou
gs://cloud-api-183809-vcm/actress_7gods/Shibasaki_Kou/Shibasaki_Kou-089.jpg,Shibasaki_Kou
gs://cloud-api-183809-vcm/actress_7gods/Shibasaki_Kou/Shibasaki_Kou-090.jpg,Shibasaki_Kou
gs://cloud-api-183809-vcm/actress_7gods/Shibasaki_Kou/Shibasaki_Kou-091.jpg,Shibasaki_Kou
gs://cloud-api-183809-vcm/actress_7gods/Shibasaki_Kou/Shibasaki_Kou-092.jpg,Shibasaki_Kou
gs://cloud-api-183809-vcm/actress_7gods/Shibasaki_Kou/Shibasaki_Kou-093.jpg,Shibasaki_Kou
gs://cloud-api-183809-vcm/actress_7gods/Shibasaki_Kou/Shibasaki_Kou-094.jpg,Shibasaki_Kou
gs://cloud-api-183809-vcm/actress_7gods/Shibasaki_Kou/Shibasaki_Kou-095.jpg,Shibasaki_Kou
gs://cloud-api-183809-vcm/actress_7gods/Shibasaki_Kou/Shibasaki_Kou-096.jpg,Shibasaki_Kou
gs://cloud-api-183809-vcm/actress_7gods/Shibasaki_Kou/Shibasaki_Kou-097.jpg,Shibasaki_Kou
gs://cloud-api-183809-vcm/actress_7gods/Shibasaki_Kou/Shibasaki_Kou-098.jpg,Shibasaki_Kou
gs://cloud-api-183809-vcm/actress_7gods/Shibasaki_Kou/Shibasaki_Kou-099.jpg,Shibasaki_Kou
gs://cloud-api-183809-vcm/actress_7gods/Shibasaki_Kou/Shibasaki_Kou-100.jpg,Shibasaki_Kou
gs://cloud-api-183809-vcm/actress_7gods/Shibasaki_Kou/Shibasaki_Kou-101.jpg,Shibasaki_Kou
gs://cloud-api-183809-vcm/actress_7gods/Shibasaki_Kou/Shibasaki_Kou-102.jpg,Shibasaki_Kou
gs://cloud-api-183809-vcm/actress_7gods/Shibasaki_Kou/Shibasaki_Kou-103.jpg,Shibasaki_Kou
gs://cloud-api-183809-vcm/actress_7gods/Shibasaki_Kou/Shibasaki_Kou-104.jpg,Shibasaki_Kou
gs://cloud-api-183809-vcm/actress_7gods/Shibasaki_Kou/Shibasaki_Kou-105.jpg,Shibasaki_Kou
gs://cloud-api-183809-vcm/actress_7gods/Shibasaki_Kou/Shibasaki_Kou-106.jpg,Shibasaki_Kou
gs://cloud-api-183809-vcm/actress_7gods/Shibasaki_Kou/Shibasaki_Kou-107.jpg,Shibasaki_Kou
gs://cloud-api-183809-vcm/actress_7gods/Shibasaki_Kou/Shibasaki_Kou-108.jpg,Shibasaki_Kou
gs://cloud-api-183809-vcm/actress_7gods/Shibasaki_Kou/Shibasaki_Kou-109.jpg,Shibasaki_Kou
gs://cloud-api-183809-vcm/actress_7gods/Shibasaki_Kou/Shibasaki_Kou-110.jpg,Shibasaki_Kou
gs://cloud-api-183809-vcm/actress_7gods/Shibasaki_Kou/Shibasaki_Kou-111.jpg,Shibasaki_Kou
gs://cloud-api-183809-vcm/actress_7gods/Shibasaki_Kou/Shibasaki_Kou-112.jpg,Shibasaki_Kou
gs://cloud-api-183809-vcm/actress_7gods/Shibasaki_Kou/Shibasaki_Kou-113.jpg,Shibasaki_Kou
gs://cloud-api-183809-vcm/actress_7gods/Shibasaki_Kou/Shibasaki_Kou-114.jpg,Shibasaki_Kou
gs://cloud-api-183809-vcm/actress_7gods/Shibasaki_Kou/Shibasaki_Kou-115.jpg,Shibasaki_Kou
gs://cloud-api-183809-vcm/actress_7gods/Shibasaki_Kou/Shibasaki_Kou-116.jpg,Shibasaki_Kou
gs://cloud-api-183809-vcm/actress_7gods/Shibasaki_Kou/Shibasaki_Kou-117.jpg,Shibasaki_Kou
gs://cloud-api-183809-vcm/actress_7gods/Shibasaki_Kou/Shibasaki_Kou-118.jpg,Shibasaki_Kou
gs://cloud-api-183809-vcm/actress_7gods/Shibasaki_Kou/Shibasaki_Kou-119.jpg,Shibasaki_Kou
gs://cloud-api-183809-vcm/actress_7gods/Shibasaki_Kou/Shibasaki_Kou-120.jpg,Shibasaki_Kou
gs://cloud-api-183809-vcm/actress_7gods/Shibasaki_Kou/Shibasaki_Kou-121.jpg,Shibasaki_Kou
gs://cloud-api-183809-vcm/actress_7gods/Shibasaki_Kou/Shibasaki_Kou-122.jpg,Shibasaki_Kou
gs://cloud-api-183809-vcm/actress_7gods/Shibasaki_Kou/Shibasaki_Kou-123.jpg,Shibasaki_Kou
gs://cloud-api-183809-vcm/actress_7gods/Shibasaki_Kou/Shibasaki_Kou-124.jpg,Shibasaki_Kou
gs://cloud-api-183809-vcm/actress_7gods/Shibasaki_Kou/Shibasaki_Kou-125.jpg,Shibasaki_Kou
gs://cloud-api-183809-vcm/actress_7gods/Shibasaki_Kou/Shibasaki_Kou-126.jpg,Shibasaki_Kou
gs://cloud-api-183809-vcm/actress_7gods/Shibasaki_Kou/Shibasaki_Kou-127.jpg,Shibasaki_Kou
gs://cloud-api-183809-vcm/actress_7gods/Shibasaki_Kou/Shibasaki_Kou-128.jpg,Shibasaki_Kou
gs://cloud-api-183809-vcm/actress_7gods/Shibasaki_Kou/Shibasaki_Kou-129.jpg,Shibasaki_Kou
gs://cloud-api-183809-vcm/actress_7gods/Shibasaki_Kou/Shibasaki_Kou-130.jpg,Shibasaki_Kou
gs://cloud-api-183809-vcm/actress_7gods/Shibasaki_Kou/Shibasaki_Kou-131.jpg,Shibasaki_Kou
gs://cloud-api-183809-vcm/actress_7gods/Shibasaki_Kou/Shibasaki_Kou-132.jpg,Shibasaki_Kou
gs://cloud-api-183809-vcm/actress_7gods/Shibasaki_Kou/Shibasaki_Kou-133.jpg,Shibasaki_Kou
gs://cloud-api-183809-vcm/actress_7gods/Shibasaki_Kou/Shibasaki_Kou-134.jpg,Shibasaki_Kou
gs://cloud-api-183809-vcm/actress_7gods/Shibasaki_Kou/Shibasaki_Kou-135.jpg,Shibasaki_Kou
gs://cloud-api-183809-vcm/actress_7gods/Shibasaki_Kou/Shibasaki_Kou-136.jpg,Shibasaki_Kou
gs://cloud-api-183809-vcm/actress_7gods/Shibasaki_Kou/Shibasaki_Kou-137.jpg,Shibasaki_Kou
gs://cloud-api-183809-vcm/actress_7gods/Shibasaki_Kou/Shibasaki_Kou-138.jpg,Shibasaki_Kou
gs://cloud-api-183809-vcm/actress_7gods/Shibasaki_Kou/Shibasaki_Kou-139.jpg,Shibasaki_Kou
gs://cloud-api-183809-vcm/actress_7gods/Shibasaki_Kou/Shibasaki_Kou-140.jpg,Shibasaki_Kou
gs://cloud-api-183809-vcm/actress_7gods/Shibasaki_Kou/Shibasaki_Kou-141.jpg,Shibasaki_Kou
gs://cloud-api-183809-vcm/actress_7gods/Shibasaki_Kou/Shibasaki_Kou-142.jpg,Shibasaki_Kou
gs://cloud-api-183809-vcm/actress_7gods/Shibasaki_Kou/Shibasaki_Kou-143.jpg,Shibasaki_Kou
gs://cloud-api-183809-vcm/actress_7gods/Shibasaki_Kou/Shibasaki_Kou-144.jpg,Shibasaki_Kou
gs://cloud-api-183809-vcm/actress_7gods/Shibasaki_Kou/Shibasaki_Kou-145.jpg,Shibasaki_Kou
gs://cloud-api-183809-vcm/actress_7gods/Shibasaki_Kou/Shibasaki_Kou-146.jpg,Shibasaki_Kou
gs://cloud-api-183809-vcm/actress_7gods/Shibasaki_Kou/Shibasaki_Kou-147.jpg,Shibasaki_Kou
gs://cloud-api-183809-vcm/actress_7gods/Shibasaki_Kou/Shibasaki_Kou-148.jpg,Shibasaki_Kou
gs://cloud-api-183809-vcm/actress_7gods/Shibasaki_Kou/Shibasaki_Kou-149.jpg,Shibasaki_Kou
gs://cloud-api-183809-vcm/actress_7gods/Shibasaki_Kou/Shibasaki_Kou-150.jpg,Shibasaki_Kou
gs://cloud-api-183809-vcm/actress_7gods/Shibasaki_Kou/Shibasaki_Kou-151.jpg,Shibasaki_Kou
gs://cloud-api-183809-vcm/actress_7gods/Shibasaki_Kou/Shibasaki_Kou-152.jpg,Shibasaki_Kou
gs://cloud-api-183809-vcm/actress_7gods/Shibasaki_Kou/Shibasaki_Kou-153.jpg,Shibasaki_Kou
gs://cloud-api-183809-vcm/actress_7gods/Shibasaki_Kou/Shibasaki_Kou-154.jpg,Shibasaki_Kou
gs://cloud-api-183809-vcm/actress_7gods/Shibasaki_Kou/Shibasaki_Kou-155.jpg,Shibasaki_Kou
gs://cloud-api-183809-vcm/actress_7gods/Shibasaki_Kou/Shibasaki_Kou-156.jpg,Shibasaki_Kou
gs://cloud-api-183809-vcm/actress_7gods/Shibasaki_Kou/Shibasaki_Kou-157.jpg,Shibasaki_Kou
gs://cloud-api-183809-vcm/actress_7gods/Shibasaki_Kou/Shibasaki_Kou-158.jpg,Shibasaki_Kou
gs://cloud-api-183809-vcm/actress_7gods/Shibasaki_Kou/Shibasaki_Kou-159.jpg,Shibasaki_Kou
gs://cloud-api-183809-vcm/actress_7gods/Shibasaki_Kou/Shibasaki_Kou-160.jpg,Shibasaki_Kou
gs://cloud-api-183809-vcm/actress_7gods/Shibasaki_Kou/Shibasaki_Kou-161.jpg,Shibasaki_Kou
gs://cloud-api-183809-vcm/actress_7gods/Shibasaki_Kou/Shibasaki_Kou-162.jpg,Shibasaki_Kou
gs://cloud-api-183809-vcm/actress_7gods/Shibasaki_Kou/Shibasaki_Kou-163.jpg,Shibasaki_Kou
gs://cloud-api-183809-vcm/actress_7gods/Shibasaki_Kou/Shibasaki_Kou-164.jpg,Shibasaki_Kou
gs://cloud-api-183809-vcm/actress_7gods/Shibasaki_Kou/Shibasaki_Kou-165.jpg,Shibasaki_Kou
gs://cloud-api-183809-vcm/actress_7gods/Shibasaki_Kou/Shibasaki_Kou-166.jpg,Shibasaki_Kou
gs://cloud-api-183809-vcm/actress_7gods/Shibasaki_Kou/Shibasaki_Kou-167.jpg,Shibasaki_Kou
gs://cloud-api-183809-vcm/actress_7gods/Hamabe_Minami/Hamabe_Minami-001.jpg,Hamabe_Minami
gs://cloud-api-183809-vcm/actress_7gods/Hamabe_Minami/Hamabe_Minami-002.jpg,Hamabe_Minami
gs://cloud-api-183809-vcm/actress_7gods/Hamabe_Minami/Hamabe_Minami-003.jpg,Hamabe_Minami
gs://cloud-api-183809-vcm/actress_7gods/Hamabe_Minami/Hamabe_Minami-004.jpg,Hamabe_Minami
gs://cloud-api-183809-vcm/actress_7gods/Hamabe_Minami/Hamabe_Minami-005.jpg,Hamabe_Minami
gs://cloud-api-183809-vcm/actress_7gods/Hamabe_Minami/Hamabe_Minami-006.jpg,Hamabe_Minami
gs://cloud-api-183809-vcm/actress_7gods/Hamabe_Minami/Hamabe_Minami-007.jpg,Hamabe_Minami
gs://cloud-api-183809-vcm/actress_7gods/Hamabe_Minami/Hamabe_Minami-008.jpg,Hamabe_Minami
gs://cloud-api-183809-vcm/actress_7gods/Hamabe_Minami/Hamabe_Minami-009.jpg,Hamabe_Minami
gs://cloud-api-183809-vcm/actress_7gods/Hamabe_Minami/Hamabe_Minami-010.jpg,Hamabe_Minami
gs://cloud-api-183809-vcm/actress_7gods/Hamabe_Minami/Hamabe_Minami-011.jpg,Hamabe_Minami
gs://cloud-api-183809-vcm/actress_7gods/Hamabe_Minami/Hamabe_Minami-012.jpg,Hamabe_Minami
gs://cloud-api-183809-vcm/actress_7gods/Hamabe_Minami/Hamabe_Minami-013.jpg,Hamabe_Minami
gs://cloud-api-183809-vcm/actress_7gods/Hamabe_Minami/Hamabe_Minami-014.jpg,Hamabe_Minami
gs://cloud-api-183809-vcm/actress_7gods/Hamabe_Minami/Hamabe_Minami-015.jpg,Hamabe_Minami
gs://cloud-api-183809-vcm/actress_7gods/Hamabe_Minami/Hamabe_Minami-016.jpg,Hamabe_Minami
gs://cloud-api-183809-vcm/actress_7gods/Hamabe_Minami/Hamabe_Minami-017.jpg,Hamabe_Minami
gs://cloud-api-183809-vcm/actress_7gods/Hamabe_Minami/Hamabe_Minami-018.jpg,Hamabe_Minami
gs://cloud-api-183809-vcm/actress_7gods/Hamabe_Minami/Hamabe_Minami-019.jpg,Hamabe_Minami
gs://cloud-api-183809-vcm/actress_7gods/Hamabe_Minami/Hamabe_Minami-020.jpg,Hamabe_Minami
gs://cloud-api-183809-vcm/actress_7gods/Hamabe_Minami/Hamabe_Minami-021.jpg,Hamabe_Minami
gs://cloud-api-183809-vcm/actress_7gods/Hamabe_Minami/Hamabe_Minami-022.jpg,Hamabe_Minami
gs://cloud-api-183809-vcm/actress_7gods/Hamabe_Minami/Hamabe_Minami-023.jpg,Hamabe_Minami
gs://cloud-api-183809-vcm/actress_7gods/Hamabe_Minami/Hamabe_Minami-024.jpg,Hamabe_Minami
gs://cloud-api-183809-vcm/actress_7gods/Hamabe_Minami/Hamabe_Minami-025.jpg,Hamabe_Minami
gs://cloud-api-183809-vcm/actress_7gods/Hamabe_Minami/Hamabe_Minami-026.jpg,Hamabe_Minami
gs://cloud-api-183809-vcm/actress_7gods/Hamabe_Minami/Hamabe_Minami-027.jpg,Hamabe_Minami
gs://cloud-api-183809-vcm/actress_7gods/Hamabe_Minami/Hamabe_Minami-028.jpg,Hamabe_Minami
gs://cloud-api-183809-vcm/actress_7gods/Hamabe_Minami/Hamabe_Minami-029.jpg,Hamabe_Minami
gs://cloud-api-183809-vcm/actress_7gods/Hamabe_Minami/Hamabe_Minami-030.jpg,Hamabe_Minami
gs://cloud-api-183809-vcm/actress_7gods/Hamabe_Minami/Hamabe_Minami-031.jpg,Hamabe_Minami
gs://cloud-api-183809-vcm/actress_7gods/Hamabe_Minami/Hamabe_Minami-032.jpg,Hamabe_Minami
gs://cloud-api-183809-vcm/actress_7gods/Hamabe_Minami/Hamabe_Minami-033.jpg,Hamabe_Minami
gs://cloud-api-183809-vcm/actress_7gods/Hamabe_Minami/Hamabe_Minami-034.jpg,Hamabe_Minami
gs://cloud-api-183809-vcm/actress_7gods/Hamabe_Minami/Hamabe_Minami-035.jpg,Hamabe_Minami
gs://cloud-api-183809-vcm/actress_7gods/Hamabe_Minami/Hamabe_Minami-036.jpg,Hamabe_Minami
gs://cloud-api-183809-vcm/actress_7gods/Hamabe_Minami/Hamabe_Minami-037.jpg,Hamabe_Minami
gs://cloud-api-183809-vcm/actress_7gods/Hamabe_Minami/Hamabe_Minami-038.jpg,Hamabe_Minami
gs://cloud-api-183809-vcm/actress_7gods/Hamabe_Minami/Hamabe_Minami-039.jpg,Hamabe_Minami
gs://cloud-api-183809-vcm/actress_7gods/Hamabe_Minami/Hamabe_Minami-040.jpg,Hamabe_Minami
gs://cloud-api-183809-vcm/actress_7gods/Hamabe_Minami/Hamabe_Minami-041.jpg,Hamabe_Minami
gs://cloud-api-183809-vcm/actress_7gods/Hamabe_Minami/Hamabe_Minami-042.jpg,Hamabe_Minami
gs://cloud-api-183809-vcm/actress_7gods/Hamabe_Minami/Hamabe_Minami-043.jpg,Hamabe_Minami
gs://cloud-api-183809-vcm/actress_7gods/Hamabe_Minami/Hamabe_Minami-044.jpg,Hamabe_Minami
gs://cloud-api-183809-vcm/actress_7gods/Hamabe_Minami/Hamabe_Minami-045.jpg,Hamabe_Minami
gs://cloud-api-183809-vcm/actress_7gods/Hamabe_Minami/Hamabe_Minami-046.jpg,Hamabe_Minami
gs://cloud-api-183809-vcm/actress_7gods/Hamabe_Minami/Hamabe_Minami-047.jpg,Hamabe_Minami
gs://cloud-api-183809-vcm/actress_7gods/Hamabe_Minami/Hamabe_Minami-048.jpg,Hamabe_Minami
gs://cloud-api-183809-vcm/actress_7gods/Hamabe_Minami/Hamabe_Minami-049.jpg,Hamabe_Minami
gs://cloud-api-183809-vcm/actress_7gods/Hamabe_Minami/Hamabe_Minami-050.jpg,Hamabe_Minami
gs://cloud-api-183809-vcm/actress_7gods/Hamabe_Minami/Hamabe_Minami-051.jpg,Hamabe_Minami
gs://cloud-api-183809-vcm/actress_7gods/Hamabe_Minami/Hamabe_Minami-052.jpg,Hamabe_Minami
gs://cloud-api-183809-vcm/actress_7gods/Hamabe_Minami/Hamabe_Minami-053.jpg,Hamabe_Minami
gs://cloud-api-183809-vcm/actress_7gods/Hamabe_Minami/Hamabe_Minami-054.jpg,Hamabe_Minami
gs://cloud-api-183809-vcm/actress_7gods/Hamabe_Minami/Hamabe_Minami-055.jpg,Hamabe_Minami
gs://cloud-api-183809-vcm/actress_7gods/Hamabe_Minami/Hamabe_Minami-056.jpg,Hamabe_Minami
gs://cloud-api-183809-vcm/actress_7gods/Hamabe_Minami/Hamabe_Minami-057.jpg,Hamabe_Minami
gs://cloud-api-183809-vcm/actress_7gods/Hamabe_Minami/Hamabe_Minami-058.jpg,Hamabe_Minami
gs://cloud-api-183809-vcm/actress_7gods/Hamabe_Minami/Hamabe_Minami-059.jpg,Hamabe_Minami
gs://cloud-api-183809-vcm/actress_7gods/Hamabe_Minami/Hamabe_Minami-060.jpg,Hamabe_Minami
gs://cloud-api-183809-vcm/actress_7gods/Hamabe_Minami/Hamabe_Minami-061.jpg,Hamabe_Minami
gs://cloud-api-183809-vcm/actress_7gods/Hamabe_Minami/Hamabe_Minami-062.jpg,Hamabe_Minami
gs://cloud-api-183809-vcm/actress_7gods/Hamabe_Minami/Hamabe_Minami-063.jpg,Hamabe_Minami
gs://cloud-api-183809-vcm/actress_7gods/Hamabe_Minami/Hamabe_Minami-064.jpg,Hamabe_Minami
gs://cloud-api-183809-vcm/actress_7gods/Hamabe_Minami/Hamabe_Minami-065.jpg,Hamabe_Minami
gs://cloud-api-183809-vcm/actress_7gods/Hamabe_Minami/Hamabe_Minami-066.jpg,Hamabe_Minami
gs://cloud-api-183809-vcm/actress_7gods/Hamabe_Minami/Hamabe_Minami-067.jpg,Hamabe_Minami
gs://cloud-api-183809-vcm/actress_7gods/Hamabe_Minami/Hamabe_Minami-068.jpg,Hamabe_Minami
gs://cloud-api-183809-vcm/actress_7gods/Hamabe_Minami/Hamabe_Minami-069.jpg,Hamabe_Minami
gs://cloud-api-183809-vcm/actress_7gods/Hamabe_Minami/Hamabe_Minami-070.jpg,Hamabe_Minami
gs://cloud-api-183809-vcm/actress_7gods/Hamabe_Minami/Hamabe_Minami-071.jpg,Hamabe_Minami
gs://cloud-api-183809-vcm/actress_7gods/Hamabe_Minami/Hamabe_Minami-072.jpg,Hamabe_Minami
gs://cloud-api-183809-vcm/actress_7gods/Hamabe_Minami/Hamabe_Minami-073.jpg,Hamabe_Minami
gs://cloud-api-183809-vcm/actress_7gods/Hamabe_Minami/Hamabe_Minami-074.jpg,Hamabe_Minami
gs://cloud-api-183809-vcm/actress_7gods/Hamabe_Minami/Hamabe_Minami-075.jpg,Hamabe_Minami
gs://cloud-api-183809-vcm/actress_7gods/Hamabe_Minami/Hamabe_Minami-076.jpg,Hamabe_Minami
gs://cloud-api-183809-vcm/actress_7gods/Hamabe_Minami/Hamabe_Minami-077.jpg,Hamabe_Minami
gs://cloud-api-183809-vcm/actress_7gods/Hamabe_Minami/Hamabe_Minami-078.jpg,Hamabe_Minami
gs://cloud-api-183809-vcm/actress_7gods/Hamabe_Minami/Hamabe_Minami-079.jpg,Hamabe_Minami
gs://cloud-api-183809-vcm/actress_7gods/Hamabe_Minami/Hamabe_Minami-080.jpg,Hamabe_Minami
gs://cloud-api-183809-vcm/actress_7gods/Hamabe_Minami/Hamabe_Minami-081.jpg,Hamabe_Minami
gs://cloud-api-183809-vcm/actress_7gods/Hamabe_Minami/Hamabe_Minami-082.jpg,Hamabe_Minami
gs://cloud-api-183809-vcm/actress_7gods/Hamabe_Minami/Hamabe_Minami-083.jpg,Hamabe_Minami
gs://cloud-api-183809-vcm/actress_7gods/Hamabe_Minami/Hamabe_Minami-084.jpg,Hamabe_Minami
gs://cloud-api-183809-vcm/actress_7gods/Hamabe_Minami/Hamabe_Minami-085.jpg,Hamabe_Minami
gs://cloud-api-183809-vcm/actress_7gods/Hamabe_Minami/Hamabe_Minami-086.jpg,Hamabe_Minami
gs://cloud-api-183809-vcm/actress_7gods/Hamabe_Minami/Hamabe_Minami-087.jpg,Hamabe_Minami
gs://cloud-api-183809-vcm/actress_7gods/Hamabe_Minami/Hamabe_Minami-088.jpg,Hamabe_Minami
gs://cloud-api-183809-vcm/actress_7gods/Hamabe_Minami/Hamabe_Minami-089.jpg,Hamabe_Minami
gs://cloud-api-183809-vcm/actress_7gods/Hamabe_Minami/Hamabe_Minami-090.jpg,Hamabe_Minami
gs://cloud-api-183809-vcm/actress_7gods/Hamabe_Minami/Hamabe_Minami-091.jpg,Hamabe_Minami
gs://cloud-api-183809-vcm/actress_7gods/Hamabe_Minami/Hamabe_Minami-092.jpg,Hamabe_Minami
gs://cloud-api-183809-vcm/actress_7gods/Hamabe_Minami/Hamabe_Minami-093.jpg,Hamabe_Minami
gs://cloud-api-183809-vcm/actress_7gods/Hamabe_Minami/Hamabe_Minami-094.jpg,Hamabe_Minami
gs://cloud-api-183809-vcm/actress_7gods/Hamabe_Minami/Hamabe_Minami-095.jpg,Hamabe_Minami
gs://cloud-api-183809-vcm/actress_7gods/Hamabe_Minami/Hamabe_Minami-096.jpg,Hamabe_Minami
gs://cloud-api-183809-vcm/actress_7gods/Hamabe_Minami/Hamabe_Minami-097.jpg,Hamabe_Minami
gs://cloud-api-183809-vcm/actress_7gods/Hamabe_Minami/Hamabe_Minami-098.jpg,Hamabe_Minami
gs://cloud-api-183809-vcm/actress_7gods/Hamabe_Minami/Hamabe_Minami-099.jpg,Hamabe_Minami
gs://cloud-api-183809-vcm/actress_7gods/Hamabe_Minami/Hamabe_Minami-100.jpg,Hamabe_Minami
gs://cloud-api-183809-vcm/actress_7gods/Hamabe_Minami/Hamabe_Minami-101.jpg,Hamabe_Minami
gs://cloud-api-183809-vcm/actress_7gods/Hamabe_Minami/Hamabe_Minami-102.jpg,Hamabe_Minami
gs://cloud-api-183809-vcm/actress_7gods/Hamabe_Minami/Hamabe_Minami-103.jpg,Hamabe_Minami
gs://cloud-api-183809-vcm/actress_7gods/Hamabe_Minami/Hamabe_Minami-104.jpg,Hamabe_Minami
gs://cloud-api-183809-vcm/actress_7gods/Hamabe_Minami/Hamabe_Minami-105.jpg,Hamabe_Minami
gs://cloud-api-183809-vcm/actress_7gods/Hamabe_Minami/Hamabe_Minami-106.jpg,Hamabe_Minami
gs://cloud-api-183809-vcm/actress_7gods/Hamabe_Minami/Hamabe_Minami-107.jpg,Hamabe_Minami
gs://cloud-api-183809-vcm/actress_7gods/Hamabe_Minami/Hamabe_Minami-108.jpg,Hamabe_Minami
gs://cloud-api-183809-vcm/actress_7gods/Hamabe_Minami/Hamabe_Minami-109.jpg,Hamabe_Minami
gs://cloud-api-183809-vcm/actress_7gods/Hamabe_Minami/Hamabe_Minami-110.jpg,Hamabe_Minami
gs://cloud-api-183809-vcm/actress_7gods/Hamabe_Minami/Hamabe_Minami-111.jpg,Hamabe_Minami
gs://cloud-api-183809-vcm/actress_7gods/Hamabe_Minami/Hamabe_Minami-112.jpg,Hamabe_Minami
gs://cloud-api-183809-vcm/actress_7gods/Hamabe_Minami/Hamabe_Minami-113.jpg,Hamabe_Minami
gs://cloud-api-183809-vcm/actress_7gods/Hamabe_Minami/Hamabe_Minami-114.jpg,Hamabe_Minami
gs://cloud-api-183809-vcm/actress_7gods/Hamabe_Minami/Hamabe_Minami-115.jpg,Hamabe_Minami
gs://cloud-api-183809-vcm/actress_7gods/Hamabe_Minami/Hamabe_Minami-116.jpg,Hamabe_Minami
gs://cloud-api-183809-vcm/actress_7gods/Hamabe_Minami/Hamabe_Minami-117.jpg,Hamabe_Minami
gs://cloud-api-183809-vcm/actress_7gods/Hamabe_Minami/Hamabe_Minami-118.jpg,Hamabe_Minami
gs://cloud-api-183809-vcm/actress_7gods/Hamabe_Minami/Hamabe_Minami-119.jpg,Hamabe_Minami
gs://cloud-api-183809-vcm/actress_7gods/Hamabe_Minami/Hamabe_Minami-120.jpg,Hamabe_Minami
gs://cloud-api-183809-vcm/actress_7gods/Hamabe_Minami/Hamabe_Minami-121.jpg,Hamabe_Minami
gs://cloud-api-183809-vcm/actress_7gods/Hamabe_Minami/Hamabe_Minami-122.jpg,Hamabe_Minami
gs://cloud-api-183809-vcm/actress_7gods/Hamabe_Minami/Hamabe_Minami-123.jpg,Hamabe_Minami
gs://cloud-api-183809-vcm/actress_7gods/Hamabe_Minami/Hamabe_Minami-124.jpg,Hamabe_Minami
gs://cloud-api-183809-vcm/actress_7gods/Hamabe_Minami/Hamabe_Minami-125.jpg,Hamabe_Minami
gs://cloud-api-183809-vcm/actress_7gods/Hamabe_Minami/Hamabe_Minami-126.jpg,Hamabe_Minami
gs://cloud-api-183809-vcm/actress_7gods/Hamabe_Minami/Hamabe_Minami-127.jpg,Hamabe_Minami
gs://cloud-api-183809-vcm/actress_7gods/Hamabe_Minami/Hamabe_Minami-128.jpg,Hamabe_Minami
gs://cloud-api-183809-vcm/actress_7gods/Hamabe_Minami/Hamabe_Minami-129.jpg,Hamabe_Minami
gs://cloud-api-183809-vcm/actress_7gods/Hamabe_Minami/Hamabe_Minami-130.jpg,Hamabe_Minami
gs://cloud-api-183809-vcm/actress_7gods/Hamabe_Minami/Hamabe_Minami-131.jpg,Hamabe_Minami
gs://cloud-api-183809-vcm/actress_7gods/Hamabe_Minami/Hamabe_Minami-132.jpg,Hamabe_Minami
gs://cloud-api-183809-vcm/actress_7gods/Hamabe_Minami/Hamabe_Minami-133.jpg,Hamabe_Minami
gs://cloud-api-183809-vcm/actress_7gods/Hamabe_Minami/Hamabe_Minami-134.jpg,Hamabe_Minami
gs://cloud-api-183809-vcm/actress_7gods/Hamabe_Minami/Hamabe_Minami-135.jpg,Hamabe_Minami
gs://cloud-api-183809-vcm/actress_7gods/Hamabe_Minami/Hamabe_Minami-136.jpg,Hamabe_Minami
gs://cloud-api-183809-vcm/actress_7gods/Hamabe_Minami/Hamabe_Minami-137.jpg,Hamabe_Minami
gs://cloud-api-183809-vcm/actress_7gods/Hamabe_Minami/Hamabe_Minami-138.jpg,Hamabe_Minami
gs://cloud-api-183809-vcm/actress_7gods/Hamabe_Minami/Hamabe_Minami-139.jpg,Hamabe_Minami
gs://cloud-api-183809-vcm/actress_7gods/Hamabe_Minami/Hamabe_Minami-140.jpg,Hamabe_Minami
gs://cloud-api-183809-vcm/actress_7gods/Hamabe_Minami/Hamabe_Minami-141.jpg,Hamabe_Minami
gs://cloud-api-183809-vcm/actress_7gods/Hamabe_Minami/Hamabe_Minami-142.jpg,Hamabe_Minami
gs://cloud-api-183809-vcm/actress_7gods/Hamabe_Minami/Hamabe_Minami-143.jpg,Hamabe_Minami
gs://cloud-api-183809-vcm/actress_7gods/Hamabe_Minami/Hamabe_Minami-144.jpg,Hamabe_Minami
gs://cloud-api-183809-vcm/actress_7gods/Hamabe_Minami/Hamabe_Minami-145.jpg,Hamabe_Minami
gs://cloud-api-183809-vcm/actress_7gods/Hamabe_Minami/Hamabe_Minami-146.jpg,Hamabe_Minami
gs://cloud-api-183809-vcm/actress_7gods/Hamabe_Minami/Hamabe_Minami-147.jpg,Hamabe_Minami
gs://cloud-api-183809-vcm/actress_7gods/Hamabe_Minami/Hamabe_Minami-148.jpg,Hamabe_Minami
gs://cloud-api-183809-vcm/actress_7gods/Hamabe_Minami/Hamabe_Minami-149.jpg,Hamabe_Minami
gs://cloud-api-183809-vcm/actress_7gods/Hamabe_Minami/Hamabe_Minami-150.jpg,Hamabe_Minami
gs://cloud-api-183809-vcm/actress_7gods/Hamabe_Minami/Hamabe_Minami-151.jpg,Hamabe_Minami
gs://cloud-api-183809-vcm/actress_7gods/Hamabe_Minami/Hamabe_Minami-152.jpg,Hamabe_Minami
gs://cloud-api-183809-vcm/actress_7gods/Hamabe_Minami/Hamabe_Minami-153.jpg,Hamabe_Minami
gs://cloud-api-183809-vcm/actress_7gods/Hamabe_Minami/Hamabe_Minami-154.jpg,Hamabe_Minami
gs://cloud-api-183809-vcm/actress_7gods/Hamabe_Minami/Hamabe_Minami-155.jpg,Hamabe_Minami
gs://cloud-api-183809-vcm/actress_7gods/Asakura_Aki/Asakura_Aki-001.jpg,Asakura_Aki
gs://cloud-api-183809-vcm/actress_7gods/Asakura_Aki/Asakura_Aki-002.jpg,Asakura_Aki
gs://cloud-api-183809-vcm/actress_7gods/Asakura_Aki/Asakura_Aki-003.jpg,Asakura_Aki
gs://cloud-api-183809-vcm/actress_7gods/Asakura_Aki/Asakura_Aki-004.jpg,Asakura_Aki
gs://cloud-api-183809-vcm/actress_7gods/Asakura_Aki/Asakura_Aki-005.jpg,Asakura_Aki
gs://cloud-api-183809-vcm/actress_7gods/Asakura_Aki/Asakura_Aki-006.jpg,Asakura_Aki
gs://cloud-api-183809-vcm/actress_7gods/Asakura_Aki/Asakura_Aki-007.jpg,Asakura_Aki
gs://cloud-api-183809-vcm/actress_7gods/Asakura_Aki/Asakura_Aki-008.jpg,Asakura_Aki
gs://cloud-api-183809-vcm/actress_7gods/Asakura_Aki/Asakura_Aki-009.jpg,Asakura_Aki
gs://cloud-api-183809-vcm/actress_7gods/Asakura_Aki/Asakura_Aki-010.jpg,Asakura_Aki
gs://cloud-api-183809-vcm/actress_7gods/Asakura_Aki/Asakura_Aki-011.jpg,Asakura_Aki
gs://cloud-api-183809-vcm/actress_7gods/Asakura_Aki/Asakura_Aki-012.jpg,Asakura_Aki
gs://cloud-api-183809-vcm/actress_7gods/Asakura_Aki/Asakura_Aki-013.jpg,Asakura_Aki
gs://cloud-api-183809-vcm/actress_7gods/Asakura_Aki/Asakura_Aki-014.jpg,Asakura_Aki
gs://cloud-api-183809-vcm/actress_7gods/Asakura_Aki/Asakura_Aki-015.jpg,Asakura_Aki
gs://cloud-api-183809-vcm/actress_7gods/Asakura_Aki/Asakura_Aki-016.jpg,Asakura_Aki
gs://cloud-api-183809-vcm/actress_7gods/Asakura_Aki/Asakura_Aki-017.jpg,Asakura_Aki
gs://cloud-api-183809-vcm/actress_7gods/Asakura_Aki/Asakura_Aki-018.jpg,Asakura_Aki
gs://cloud-api-183809-vcm/actress_7gods/Asakura_Aki/Asakura_Aki-019.jpg,Asakura_Aki
gs://cloud-api-183809-vcm/actress_7gods/Asakura_Aki/Asakura_Aki-020.jpg,Asakura_Aki
gs://cloud-api-183809-vcm/actress_7gods/Asakura_Aki/Asakura_Aki-021.jpg,Asakura_Aki
gs://cloud-api-183809-vcm/actress_7gods/Asakura_Aki/Asakura_Aki-022.jpg,Asakura_Aki
gs://cloud-api-183809-vcm/actress_7gods/Asakura_Aki/Asakura_Aki-023.jpg,Asakura_Aki
gs://cloud-api-183809-vcm/actress_7gods/Asakura_Aki/Asakura_Aki-024.jpg,Asakura_Aki
gs://cloud-api-183809-vcm/actress_7gods/Asakura_Aki/Asakura_Aki-025.jpg,Asakura_Aki
gs://cloud-api-183809-vcm/actress_7gods/Asakura_Aki/Asakura_Aki-026.jpg,Asakura_Aki
gs://cloud-api-183809-vcm/actress_7gods/Asakura_Aki/Asakura_Aki-027.jpg,Asakura_Aki
gs://cloud-api-183809-vcm/actress_7gods/Asakura_Aki/Asakura_Aki-028.jpg,Asakura_Aki
gs://cloud-api-183809-vcm/actress_7gods/Asakura_Aki/Asakura_Aki-029.jpg,Asakura_Aki
gs://cloud-api-183809-vcm/actress_7gods/Asakura_Aki/Asakura_Aki-030.jpg,Asakura_Aki
gs://cloud-api-183809-vcm/actress_7gods/Asakura_Aki/Asakura_Aki-031.jpg,Asakura_Aki
gs://cloud-api-183809-vcm/actress_7gods/Asakura_Aki/Asakura_Aki-032.jpg,Asakura_Aki
gs://cloud-api-183809-vcm/actress_7gods/Asakura_Aki/Asakura_Aki-033.jpg,Asakura_Aki
gs://cloud-api-183809-vcm/actress_7gods/Asakura_Aki/Asakura_Aki-034.jpg,Asakura_Aki
gs://cloud-api-183809-vcm/actress_7gods/Asakura_Aki/Asakura_Aki-035.jpg,Asakura_Aki
gs://cloud-api-183809-vcm/actress_7gods/Asakura_Aki/Asakura_Aki-036.jpg,Asakura_Aki
gs://cloud-api-183809-vcm/actress_7gods/Asakura_Aki/Asakura_Aki-037.jpg,Asakura_Aki
gs://cloud-api-183809-vcm/actress_7gods/Asakura_Aki/Asakura_Aki-038.jpg,Asakura_Aki
gs://cloud-api-183809-vcm/actress_7gods/Asakura_Aki/Asakura_Aki-039.jpg,Asakura_Aki
gs://cloud-api-183809-vcm/actress_7gods/Asakura_Aki/Asakura_Aki-040.jpg,Asakura_Aki
gs://cloud-api-183809-vcm/actress_7gods/Asakura_Aki/Asakura_Aki-041.jpg,Asakura_Aki
gs://cloud-api-183809-vcm/actress_7gods/Asakura_Aki/Asakura_Aki-042.jpg,Asakura_Aki
gs://cloud-api-183809-vcm/actress_7gods/Asakura_Aki/Asakura_Aki-043.jpg,Asakura_Aki
gs://cloud-api-183809-vcm/actress_7gods/Asakura_Aki/Asakura_Aki-044.jpg,Asakura_Aki
gs://cloud-api-183809-vcm/actress_7gods/Asakura_Aki/Asakura_Aki-045.jpg,Asakura_Aki
gs://cloud-api-183809-vcm/actress_7gods/Asakura_Aki/Asakura_Aki-046.jpg,Asakura_Aki
gs://cloud-api-183809-vcm/actress_7gods/Asakura_Aki/Asakura_Aki-047.jpg,Asakura_Aki
gs://cloud-api-183809-vcm/actress_7gods/Asakura_Aki/Asakura_Aki-048.jpg,Asakura_Aki
gs://cloud-api-183809-vcm/actress_7gods/Asakura_Aki/Asakura_Aki-049.jpg,Asakura_Aki
gs://cloud-api-183809-vcm/actress_7gods/Asakura_Aki/Asakura_Aki-050.jpg,Asakura_Aki
gs://cloud-api-183809-vcm/actress_7gods/Asakura_Aki/Asakura_Aki-051.jpg,Asakura_Aki
gs://cloud-api-183809-vcm/actress_7gods/Asakura_Aki/Asakura_Aki-052.jpg,Asakura_Aki
gs://cloud-api-183809-vcm/actress_7gods/Asakura_Aki/Asakura_Aki-053.jpg,Asakura_Aki
gs://cloud-api-183809-vcm/actress_7gods/Asakura_Aki/Asakura_Aki-054.jpg,Asakura_Aki
gs://cloud-api-183809-vcm/actress_7gods/Asakura_Aki/Asakura_Aki-055.jpg,Asakura_Aki
gs://cloud-api-183809-vcm/actress_7gods/Asakura_Aki/Asakura_Aki-056.jpg,Asakura_Aki
gs://cloud-api-183809-vcm/actress_7gods/Asakura_Aki/Asakura_Aki-057.jpg,Asakura_Aki
gs://cloud-api-183809-vcm/actress_7gods/Asakura_Aki/Asakura_Aki-058.jpg,Asakura_Aki
gs://cloud-api-183809-vcm/actress_7gods/Asakura_Aki/Asakura_Aki-059.jpg,Asakura_Aki
gs://cloud-api-183809-vcm/actress_7gods/Asakura_Aki/Asakura_Aki-060.jpg,Asakura_Aki
gs://cloud-api-183809-vcm/actress_7gods/Asakura_Aki/Asakura_Aki-061.jpg,Asakura_Aki
gs://cloud-api-183809-vcm/actress_7gods/Asakura_Aki/Asakura_Aki-062.jpg,Asakura_Aki
gs://cloud-api-183809-vcm/actress_7gods/Asakura_Aki/Asakura_Aki-063.jpg,Asakura_Aki
gs://cloud-api-183809-vcm/actress_7gods/Asakura_Aki/Asakura_Aki-064.jpg,Asakura_Aki
gs://cloud-api-183809-vcm/actress_7gods/Asakura_Aki/Asakura_Aki-065.jpg,Asakura_Aki
gs://cloud-api-183809-vcm/actress_7gods/Asakura_Aki/Asakura_Aki-066.jpg,Asakura_Aki
gs://cloud-api-183809-vcm/actress_7gods/Asakura_Aki/Asakura_Aki-067.jpg,Asakura_Aki
gs://cloud-api-183809-vcm/actress_7gods/Asakura_Aki/Asakura_Aki-068.jpg,Asakura_Aki
gs://cloud-api-183809-vcm/actress_7gods/Asakura_Aki/Asakura_Aki-069.jpg,Asakura_Aki
gs://cloud-api-183809-vcm/actress_7gods/Asakura_Aki/Asakura_Aki-070.jpg,Asakura_Aki
gs://cloud-api-183809-vcm/actress_7gods/Asakura_Aki/Asakura_Aki-071.jpg,Asakura_Aki
gs://cloud-api-183809-vcm/actress_7gods/Asakura_Aki/Asakura_Aki-072.jpg,Asakura_Aki
gs://cloud-api-183809-vcm/actress_7gods/Asakura_Aki/Asakura_Aki-073.jpg,Asakura_Aki
gs://cloud-api-183809-vcm/actress_7gods/Asakura_Aki/Asakura_Aki-074.jpg,Asakura_Aki
gs://cloud-api-183809-vcm/actress_7gods/Asakura_Aki/Asakura_Aki-075.jpg,Asakura_Aki
gs://cloud-api-183809-vcm/actress_7gods/Asakura_Aki/Asakura_Aki-076.jpg,Asakura_Aki
gs://cloud-api-183809-vcm/actress_7gods/Asakura_Aki/Asakura_Aki-077.jpg,Asakura_Aki
gs://cloud-api-183809-vcm/actress_7gods/Asakura_Aki/Asakura_Aki-078.jpg,Asakura_Aki
gs://cloud-api-183809-vcm/actress_7gods/Asakura_Aki/Asakura_Aki-079.jpg,Asakura_Aki
gs://cloud-api-183809-vcm/actress_7gods/Asakura_Aki/Asakura_Aki-080.jpg,Asakura_Aki
gs://cloud-api-183809-vcm/actress_7gods/Asakura_Aki/Asakura_Aki-081.jpg,Asakura_Aki
gs://cloud-api-183809-vcm/actress_7gods/Asakura_Aki/Asakura_Aki-082.jpg,Asakura_Aki
gs://cloud-api-183809-vcm/actress_7gods/Asakura_Aki/Asakura_Aki-083.jpg,Asakura_Aki
gs://cloud-api-183809-vcm/actress_7gods/Asakura_Aki/Asakura_Aki-084.jpg,Asakura_Aki
gs://cloud-api-183809-vcm/actress_7gods/Asakura_Aki/Asakura_Aki-085.jpg,Asakura_Aki
gs://cloud-api-183809-vcm/actress_7gods/Asakura_Aki/Asakura_Aki-086.jpg,Asakura_Aki
gs://cloud-api-183809-vcm/actress_7gods/Asakura_Aki/Asakura_Aki-087.jpg,Asakura_Aki
gs://cloud-api-183809-vcm/actress_7gods/Asakura_Aki/Asakura_Aki-088.jpg,Asakura_Aki
gs://cloud-api-183809-vcm/actress_7gods/Asakura_Aki/Asakura_Aki-089.jpg,Asakura_Aki
gs://cloud-api-183809-vcm/actress_7gods/Asakura_Aki/Asakura_Aki-090.jpg,Asakura_Aki
gs://cloud-api-183809-vcm/actress_7gods/Asakura_Aki/Asakura_Aki-091.jpg,Asakura_Aki
gs://cloud-api-183809-vcm/actress_7gods/Asakura_Aki/Asakura_Aki-092.jpg,Asakura_Aki
gs://cloud-api-183809-vcm/actress_7gods/Asakura_Aki/Asakura_Aki-093.jpg,Asakura_Aki
gs://cloud-api-183809-vcm/actress_7gods/Asakura_Aki/Asakura_Aki-094.jpg,Asakura_Aki
gs://cloud-api-183809-vcm/actress_7gods/Asakura_Aki/Asakura_Aki-095.jpg,Asakura_Aki
gs://cloud-api-183809-vcm/actress_7gods/Asakura_Aki/Asakura_Aki-096.jpg,Asakura_Aki
gs://cloud-api-183809-vcm/actress_7gods/Asakura_Aki/Asakura_Aki-097.jpg,Asakura_Aki
gs://cloud-api-183809-vcm/actress_7gods/Asakura_Aki/Asakura_Aki-098.jpg,Asakura_Aki
gs://cloud-api-183809-vcm/actress_7gods/Asakura_Aki/Asakura_Aki-099.jpg,Asakura_Aki
gs://cloud-api-183809-vcm/actress_7gods/Asakura_Aki/Asakura_Aki-100.jpg,Asakura_Aki
gs://cloud-api-183809-vcm/actress_7gods/Asakura_Aki/Asakura_Aki-101.jpg,Asakura_Aki
gs://cloud-api-183809-vcm/actress_7gods/Asakura_Aki/Asakura_Aki-102.jpg,Asakura_Aki
gs://cloud-api-183809-vcm/actress_7gods/Asakura_Aki/Asakura_Aki-103.jpg,Asakura_Aki
gs://cloud-api-183809-vcm/actress_7gods/Asakura_Aki/Asakura_Aki-104.jpg,Asakura_Aki
gs://cloud-api-183809-vcm/actress_7gods/Asakura_Aki/Asakura_Aki-105.jpg,Asakura_Aki
gs://cloud-api-183809-vcm/actress_7gods/Asakura_Aki/Asakura_Aki-106.jpg,Asakura_Aki
gs://cloud-api-183809-vcm/actress_7gods/Asakura_Aki/Asakura_Aki-107.jpg,Asakura_Aki
gs://cloud-api-183809-vcm/actress_7gods/Asakura_Aki/Asakura_Aki-108.jpg,Asakura_Aki
gs://cloud-api-183809-vcm/actress_7gods/Asakura_Aki/Asakura_Aki-109.jpg,Asakura_Aki
gs://cloud-api-183809-vcm/actress_7gods/Asakura_Aki/Asakura_Aki-110.jpg,Asakura_Aki
gs://cloud-api-183809-vcm/actress_7gods/Asakura_Aki/Asakura_Aki-111.jpg,Asakura_Aki
gs://cloud-api-183809-vcm/actress_7gods/Asakura_Aki/Asakura_Aki-112.jpg,Asakura_Aki
gs://cloud-api-183809-vcm/actress_7gods/Asakura_Aki/Asakura_Aki-113.jpg,Asakura_Aki
gs://cloud-api-183809-vcm/actress_7gods/Asakura_Aki/Asakura_Aki-114.jpg,Asakura_Aki
gs://cloud-api-183809-vcm/actress_7gods/Asakura_Aki/Asakura_Aki-115.jpg,Asakura_Aki
gs://cloud-api-183809-vcm/actress_7gods/Asakura_Aki/Asakura_Aki-116.jpg,Asakura_Aki
gs://cloud-api-183809-vcm/actress_7gods/Asakura_Aki/Asakura_Aki-117.jpg,Asakura_Aki
gs://cloud-api-183809-vcm/actress_7gods/Asakura_Aki/Asakura_Aki-118.jpg,Asakura_Aki
gs://cloud-api-183809-vcm/actress_7gods/Asakura_Aki/Asakura_Aki-119.jpg,Asakura_Aki
gs://cloud-api-183809-vcm/actress_7gods/Asakura_Aki/Asakura_Aki-120.jpg,Asakura_Aki
gs://cloud-api-183809-vcm/actress_7gods/Asakura_Aki/Asakura_Aki-121.jpg,Asakura_Aki
gs://cloud-api-183809-vcm/actress_7gods/Asakura_Aki/Asakura_Aki-122.jpg,Asakura_Aki
gs://cloud-api-183809-vcm/actress_7gods/Asakura_Aki/Asakura_Aki-123.jpg,Asakura_Aki
gs://cloud-api-183809-vcm/actress_7gods/Asakura_Aki/Asakura_Aki-124.jpg,Asakura_Aki
gs://cloud-api-183809-vcm/actress_7gods/Asakura_Aki/Asakura_Aki-125.jpg,Asakura_Aki
gs://cloud-api-183809-vcm/actress_7gods/Asakura_Aki/Asakura_Aki-126.jpg,Asakura_Aki
gs://cloud-api-183809-vcm/actress_7gods/Asakura_Aki/Asakura_Aki-127.jpg,Asakura_Aki
gs://cloud-api-183809-vcm/actress_7gods/Asakura_Aki/Asakura_Aki-128.jpg,Asakura_Aki
gs://cloud-api-183809-vcm/actress_7gods/Asakura_Aki/Asakura_Aki-129.jpg,Asakura_Aki
gs://cloud-api-183809-vcm/actress_7gods/Asakura_Aki/Asakura_Aki-130.jpg,Asakura_Aki
gs://cloud-api-183809-vcm/actress_7gods/Asakura_Aki/Asakura_Aki-131.jpg,Asakura_Aki
gs://cloud-api-183809-vcm/actress_7gods/Asakura_Aki/Asakura_Aki-132.jpg,Asakura_Aki
gs://cloud-api-183809-vcm/actress_7gods/Asakura_Aki/Asakura_Aki-133.jpg,Asakura_Aki
gs://cloud-api-183809-vcm/actress_7gods/Asakura_Aki/Asakura_Aki-134.jpg,Asakura_Aki
gs://cloud-api-183809-vcm/actress_7gods/Asakura_Aki/Asakura_Aki-135.jpg,Asakura_Aki
gs://cloud-api-183809-vcm/actress_7gods/Asakura_Aki/Asakura_Aki-136.jpg,Asakura_Aki
gs://cloud-api-183809-vcm/actress_7gods/Asakura_Aki/Asakura_Aki-137.jpg,Asakura_Aki
gs://cloud-api-183809-vcm/actress_7gods/Asakura_Aki/Asakura_Aki-138.jpg,Asakura_Aki
gs://cloud-api-183809-vcm/actress_7gods/Asakura_Aki/Asakura_Aki-139.jpg,Asakura_Aki
gs://cloud-api-183809-vcm/actress_7gods/Asakura_Aki/Asakura_Aki-140.jpg,Asakura_Aki
gs://cloud-api-183809-vcm/actress_7gods/Asakura_Aki/Asakura_Aki-141.jpg,Asakura_Aki
gs://cloud-api-183809-vcm/actress_7gods/Asakura_Aki/Asakura_Aki-142.jpg,Asakura_Aki
gs://cloud-api-183809-vcm/actress_7gods/Asakura_Aki/Asakura_Aki-143.jpg,Asakura_Aki
gs://cloud-api-183809-vcm/actress_7gods/Asakura_Aki/Asakura_Aki-144.jpg,Asakura_Aki
gs://cloud-api-183809-vcm/actress_7gods/Asakura_Aki/Asakura_Aki-145.jpg,Asakura_Aki
gs://cloud-api-183809-vcm/actress_7gods/Asakura_Aki/Asakura_Aki-146.jpg,Asakura_Aki
gs://cloud-api-183809-vcm/actress_7gods/Asakura_Aki/Asakura_Aki-147.jpg,Asakura_Aki
gs://cloud-api-183809-vcm/actress_7gods/Asakura_Aki/Asakura_Aki-148.jpg,Asakura_Aki
gs://cloud-api-183809-vcm/actress_7gods/Asakura_Aki/Asakura_Aki-149.jpg,Asakura_Aki
gs://cloud-api-183809-vcm/actress_7gods/Asakura_Aki/Asakura_Aki-150.jpg,Asakura_Aki
gs://cloud-api-183809-vcm/actress_7gods/Asakura_Aki/Asakura_Aki-151.jpg,Asakura_Aki
gs://cloud-api-183809-vcm/actress_7gods/Asakura_Aki/Asakura_Aki-152.jpg,Asakura_Aki
gs://cloud-api-183809-vcm/actress_7gods/Asakura_Aki/Asakura_Aki-153.jpg,Asakura_Aki
gs://cloud-api-183809-vcm/actress_7gods/Asakura_Aki/Asakura_Aki-154.jpg,Asakura_Aki
gs://cloud-api-183809-vcm/actress_7gods/Asakura_Aki/Asakura_Aki-155.jpg,Asakura_Aki
gs://cloud-api-183809-vcm/actress_7gods/Asakura_Aki/Asakura_Aki-156.jpg,Asakura_Aki
gs://cloud-api-183809-vcm/actress_7gods/Asakura_Aki/Asakura_Aki-157.jpg,Asakura_Aki
gs://cloud-api-183809-vcm/actress_7gods/Asakura_Aki/Asakura_Aki-158.jpg,Asakura_Aki
gs://cloud-api-183809-vcm/actress_7gods/Asakura_Aki/Asakura_Aki-159.jpg,Asakura_Aki
gs://cloud-api-183809-vcm/actress_7gods/Asakura_Aki/Asakura_Aki-160.jpg,Asakura_Aki
gs://cloud-api-183809-vcm/actress_7gods/Asakura_Aki/Asakura_Aki-161.jpg,Asakura_Aki
gs://cloud-api-183809-vcm/actress_7gods/Asakura_Aki/Asakura_Aki-162.jpg,Asakura_Aki
gs://cloud-api-183809-vcm/actress_7gods/Asakura_Aki/Asakura_Aki-163.jpg,Asakura_Aki
gs://cloud-api-183809-vcm/actress_7gods/Asakura_Aki/Asakura_Aki-164.jpg,Asakura_Aki
gs://cloud-api-183809-vcm/actress_7gods/Asakura_Aki/Asakura_Aki-165.jpg,Asakura_Aki
gs://cloud-api-183809-vcm/actress_7gods/Asakura_Aki/Asakura_Aki-166.jpg,Asakura_Aki
gs://cloud-api-183809-vcm/actress_7gods/Asakura_Aki/Asakura_Aki-167.jpg,Asakura_Aki
gs://cloud-api-183809-vcm/actress_7gods/Kichise_Michiko/Kichise_Michiko-001.jpg,Kichise_Michiko
gs://cloud-api-183809-vcm/actress_7gods/Kichise_Michiko/Kichise_Michiko-002.jpg,Kichise_Michiko
gs://cloud-api-183809-vcm/actress_7gods/Kichise_Michiko/Kichise_Michiko-003.jpg,Kichise_Michiko
gs://cloud-api-183809-vcm/actress_7gods/Kichise_Michiko/Kichise_Michiko-004.jpg,Kichise_Michiko
gs://cloud-api-183809-vcm/actress_7gods/Kichise_Michiko/Kichise_Michiko-005.jpg,Kichise_Michiko
gs://cloud-api-183809-vcm/actress_7gods/Kichise_Michiko/Kichise_Michiko-006.jpg,Kichise_Michiko
gs://cloud-api-183809-vcm/actress_7gods/Kichise_Michiko/Kichise_Michiko-007.jpg,Kichise_Michiko
gs://cloud-api-183809-vcm/actress_7gods/Kichise_Michiko/Kichise_Michiko-008.jpg,Kichise_Michiko
gs://cloud-api-183809-vcm/actress_7gods/Kichise_Michiko/Kichise_Michiko-009.jpg,Kichise_Michiko
gs://cloud-api-183809-vcm/actress_7gods/Kichise_Michiko/Kichise_Michiko-010.jpg,Kichise_Michiko
gs://cloud-api-183809-vcm/actress_7gods/Kichise_Michiko/Kichise_Michiko-011.jpg,Kichise_Michiko
gs://cloud-api-183809-vcm/actress_7gods/Kichise_Michiko/Kichise_Michiko-012.jpg,Kichise_Michiko
gs://cloud-api-183809-vcm/actress_7gods/Kichise_Michiko/Kichise_Michiko-013.jpg,Kichise_Michiko
gs://cloud-api-183809-vcm/actress_7gods/Kichise_Michiko/Kichise_Michiko-014.jpg,Kichise_Michiko
gs://cloud-api-183809-vcm/actress_7gods/Kichise_Michiko/Kichise_Michiko-015.jpg,Kichise_Michiko
gs://cloud-api-183809-vcm/actress_7gods/Kichise_Michiko/Kichise_Michiko-016.jpg,Kichise_Michiko
gs://cloud-api-183809-vcm/actress_7gods/Kichise_Michiko/Kichise_Michiko-017.jpg,Kichise_Michiko
gs://cloud-api-183809-vcm/actress_7gods/Kichise_Michiko/Kichise_Michiko-018.jpg,Kichise_Michiko
gs://cloud-api-183809-vcm/actress_7gods/Kichise_Michiko/Kichise_Michiko-019.jpg,Kichise_Michiko
gs://cloud-api-183809-vcm/actress_7gods/Kichise_Michiko/Kichise_Michiko-020.jpg,Kichise_Michiko
gs://cloud-api-183809-vcm/actress_7gods/Kichise_Michiko/Kichise_Michiko-021.jpg,Kichise_Michiko
gs://cloud-api-183809-vcm/actress_7gods/Kichise_Michiko/Kichise_Michiko-022.jpg,Kichise_Michiko
gs://cloud-api-183809-vcm/actress_7gods/Kichise_Michiko/Kichise_Michiko-023.jpg,Kichise_Michiko
gs://cloud-api-183809-vcm/actress_7gods/Kichise_Michiko/Kichise_Michiko-024.jpg,Kichise_Michiko
gs://cloud-api-183809-vcm/actress_7gods/Kichise_Michiko/Kichise_Michiko-025.jpg,Kichise_Michiko
gs://cloud-api-183809-vcm/actress_7gods/Kichise_Michiko/Kichise_Michiko-026.jpg,Kichise_Michiko
gs://cloud-api-183809-vcm/actress_7gods/Kichise_Michiko/Kichise_Michiko-027.jpg,Kichise_Michiko
gs://cloud-api-183809-vcm/actress_7gods/Kichise_Michiko/Kichise_Michiko-028.jpg,Kichise_Michiko
gs://cloud-api-183809-vcm/actress_7gods/Kichise_Michiko/Kichise_Michiko-029.jpg,Kichise_Michiko
gs://cloud-api-183809-vcm/actress_7gods/Kichise_Michiko/Kichise_Michiko-030.jpg,Kichise_Michiko
gs://cloud-api-183809-vcm/actress_7gods/Kichise_Michiko/Kichise_Michiko-031.jpg,Kichise_Michiko
gs://cloud-api-183809-vcm/actress_7gods/Kichise_Michiko/Kichise_Michiko-032.jpg,Kichise_Michiko
gs://cloud-api-183809-vcm/actress_7gods/Kichise_Michiko/Kichise_Michiko-033.jpg,Kichise_Michiko
gs://cloud-api-183809-vcm/actress_7gods/Kichise_Michiko/Kichise_Michiko-034.jpg,Kichise_Michiko
gs://cloud-api-183809-vcm/actress_7gods/Kichise_Michiko/Kichise_Michiko-035.jpg,Kichise_Michiko
gs://cloud-api-183809-vcm/actress_7gods/Kichise_Michiko/Kichise_Michiko-036.jpg,Kichise_Michiko
gs://cloud-api-183809-vcm/actress_7gods/Kichise_Michiko/Kichise_Michiko-037.jpg,Kichise_Michiko
gs://cloud-api-183809-vcm/actress_7gods/Kichise_Michiko/Kichise_Michiko-038.jpg,Kichise_Michiko
gs://cloud-api-183809-vcm/actress_7gods/Kichise_Michiko/Kichise_Michiko-039.jpg,Kichise_Michiko
gs://cloud-api-183809-vcm/actress_7gods/Kichise_Michiko/Kichise_Michiko-040.jpg,Kichise_Michiko
gs://cloud-api-183809-vcm/actress_7gods/Kichise_Michiko/Kichise_Michiko-041.jpg,Kichise_Michiko
gs://cloud-api-183809-vcm/actress_7gods/Kichise_Michiko/Kichise_Michiko-042.jpg,Kichise_Michiko
gs://cloud-api-183809-vcm/actress_7gods/Kichise_Michiko/Kichise_Michiko-043.jpg,Kichise_Michiko
gs://cloud-api-183809-vcm/actress_7gods/Kichise_Michiko/Kichise_Michiko-044.jpg,Kichise_Michiko
gs://cloud-api-183809-vcm/actress_7gods/Kichise_Michiko/Kichise_Michiko-045.jpg,Kichise_Michiko
gs://cloud-api-183809-vcm/actress_7gods/Kichise_Michiko/Kichise_Michiko-046.jpg,Kichise_Michiko
gs://cloud-api-183809-vcm/actress_7gods/Kichise_Michiko/Kichise_Michiko-047.jpg,Kichise_Michiko
gs://cloud-api-183809-vcm/actress_7gods/Kichise_Michiko/Kichise_Michiko-048.jpg,Kichise_Michiko
gs://cloud-api-183809-vcm/actress_7gods/Kichise_Michiko/Kichise_Michiko-049.jpg,Kichise_Michiko
gs://cloud-api-183809-vcm/actress_7gods/Kichise_Michiko/Kichise_Michiko-050.jpg,Kichise_Michiko
gs://cloud-api-183809-vcm/actress_7gods/Kichise_Michiko/Kichise_Michiko-051.jpg,Kichise_Michiko
gs://cloud-api-183809-vcm/actress_7gods/Kichise_Michiko/Kichise_Michiko-052.jpg,Kichise_Michiko
gs://cloud-api-183809-vcm/actress_7gods/Kichise_Michiko/Kichise_Michiko-053.jpg,Kichise_Michiko
gs://cloud-api-183809-vcm/actress_7gods/Kichise_Michiko/Kichise_Michiko-054.jpg,Kichise_Michiko
gs://cloud-api-183809-vcm/actress_7gods/Kichise_Michiko/Kichise_Michiko-055.jpg,Kichise_Michiko
gs://cloud-api-183809-vcm/actress_7gods/Kichise_Michiko/Kichise_Michiko-056.jpg,Kichise_Michiko
gs://cloud-api-183809-vcm/actress_7gods/Kichise_Michiko/Kichise_Michiko-057.jpg,Kichise_Michiko
gs://cloud-api-183809-vcm/actress_7gods/Kichise_Michiko/Kichise_Michiko-058.jpg,Kichise_Michiko
gs://cloud-api-183809-vcm/actress_7gods/Kichise_Michiko/Kichise_Michiko-059.jpg,Kichise_Michiko
gs://cloud-api-183809-vcm/actress_7gods/Kichise_Michiko/Kichise_Michiko-060.jpg,Kichise_Michiko
gs://cloud-api-183809-vcm/actress_7gods/Kichise_Michiko/Kichise_Michiko-061.jpg,Kichise_Michiko
gs://cloud-api-183809-vcm/actress_7gods/Kichise_Michiko/Kichise_Michiko-062.jpg,Kichise_Michiko
gs://cloud-api-183809-vcm/actress_7gods/Kichise_Michiko/Kichise_Michiko-063.jpg,Kichise_Michiko
gs://cloud-api-183809-vcm/actress_7gods/Kichise_Michiko/Kichise_Michiko-064.jpg,Kichise_Michiko
gs://cloud-api-183809-vcm/actress_7gods/Kichise_Michiko/Kichise_Michiko-065.jpg,Kichise_Michiko
gs://cloud-api-183809-vcm/actress_7gods/Kichise_Michiko/Kichise_Michiko-066.jpg,Kichise_Michiko
gs://cloud-api-183809-vcm/actress_7gods/Kichise_Michiko/Kichise_Michiko-067.jpg,Kichise_Michiko
gs://cloud-api-183809-vcm/actress_7gods/Kichise_Michiko/Kichise_Michiko-068.jpg,Kichise_Michiko
gs://cloud-api-183809-vcm/actress_7gods/Kichise_Michiko/Kichise_Michiko-069.jpg,Kichise_Michiko
gs://cloud-api-183809-vcm/actress_7gods/Kichise_Michiko/Kichise_Michiko-070.jpg,Kichise_Michiko
gs://cloud-api-183809-vcm/actress_7gods/Kichise_Michiko/Kichise_Michiko-071.jpg,Kichise_Michiko
gs://cloud-api-183809-vcm/actress_7gods/Kichise_Michiko/Kichise_Michiko-072.jpg,Kichise_Michiko
gs://cloud-api-183809-vcm/actress_7gods/Kichise_Michiko/Kichise_Michiko-073.jpg,Kichise_Michiko
gs://cloud-api-183809-vcm/actress_7gods/Kichise_Michiko/Kichise_Michiko-074.jpg,Kichise_Michiko
gs://cloud-api-183809-vcm/actress_7gods/Kichise_Michiko/Kichise_Michiko-075.jpg,Kichise_Michiko
gs://cloud-api-183809-vcm/actress_7gods/Kichise_Michiko/Kichise_Michiko-076.jpg,Kichise_Michiko
gs://cloud-api-183809-vcm/actress_7gods/Kichise_Michiko/Kichise_Michiko-077.jpg,Kichise_Michiko
gs://cloud-api-183809-vcm/actress_7gods/Kichise_Michiko/Kichise_Michiko-078.jpg,Kichise_Michiko
gs://cloud-api-183809-vcm/actress_7gods/Kichise_Michiko/Kichise_Michiko-079.jpg,Kichise_Michiko
gs://cloud-api-183809-vcm/actress_7gods/Kichise_Michiko/Kichise_Michiko-080.jpg,Kichise_Michiko
gs://cloud-api-183809-vcm/actress_7gods/Kichise_Michiko/Kichise_Michiko-081.jpg,Kichise_Michiko
gs://cloud-api-183809-vcm/actress_7gods/Kichise_Michiko/Kichise_Michiko-082.jpg,Kichise_Michiko
gs://cloud-api-183809-vcm/actress_7gods/Kichise_Michiko/Kichise_Michiko-083.jpg,Kichise_Michiko
gs://cloud-api-183809-vcm/actress_7gods/Kichise_Michiko/Kichise_Michiko-084.jpg,Kichise_Michiko
gs://cloud-api-183809-vcm/actress_7gods/Kichise_Michiko/Kichise_Michiko-085.jpg,Kichise_Michiko
gs://cloud-api-183809-vcm/actress_7gods/Kichise_Michiko/Kichise_Michiko-086.jpg,Kichise_Michiko
gs://cloud-api-183809-vcm/actress_7gods/Kichise_Michiko/Kichise_Michiko-087.jpg,Kichise_Michiko
gs://cloud-api-183809-vcm/actress_7gods/Kichise_Michiko/Kichise_Michiko-088.jpg,Kichise_Michiko
gs://cloud-api-183809-vcm/actress_7gods/Kichise_Michiko/Kichise_Michiko-089.jpg,Kichise_Michiko
gs://cloud-api-183809-vcm/actress_7gods/Kichise_Michiko/Kichise_Michiko-090.jpg,Kichise_Michiko
gs://cloud-api-183809-vcm/actress_7gods/Kichise_Michiko/Kichise_Michiko-091.jpg,Kichise_Michiko
gs://cloud-api-183809-vcm/actress_7gods/Kichise_Michiko/Kichise_Michiko-092.jpg,Kichise_Michiko
gs://cloud-api-183809-vcm/actress_7gods/Kichise_Michiko/Kichise_Michiko-093.jpg,Kichise_Michiko
gs://cloud-api-183809-vcm/actress_7gods/Kichise_Michiko/Kichise_Michiko-094.jpg,Kichise_Michiko
gs://cloud-api-183809-vcm/actress_7gods/Kichise_Michiko/Kichise_Michiko-095.jpg,Kichise_Michiko
gs://cloud-api-183809-vcm/actress_7gods/Kichise_Michiko/Kichise_Michiko-096.jpg,Kichise_Michiko
gs://cloud-api-183809-vcm/actress_7gods/Kichise_Michiko/Kichise_Michiko-097.jpg,Kichise_Michiko
gs://cloud-api-183809-vcm/actress_7gods/Kichise_Michiko/Kichise_Michiko-098.jpg,Kichise_Michiko
gs://cloud-api-183809-vcm/actress_7gods/Kichise_Michiko/Kichise_Michiko-099.jpg,Kichise_Michiko
gs://cloud-api-183809-vcm/actress_7gods/Kichise_Michiko/Kichise_Michiko-100.jpg,Kichise_Michiko
gs://cloud-api-183809-vcm/actress_7gods/Kichise_Michiko/Kichise_Michiko-101.jpg,Kichise_Michiko
gs://cloud-api-183809-vcm/actress_7gods/Kichise_Michiko/Kichise_Michiko-102.jpg,Kichise_Michiko
gs://cloud-api-183809-vcm/actress_7gods/Kichise_Michiko/Kichise_Michiko-103.jpg,Kichise_Michiko
gs://cloud-api-183809-vcm/actress_7gods/Kichise_Michiko/Kichise_Michiko-104.jpg,Kichise_Michiko
gs://cloud-api-183809-vcm/actress_7gods/Kichise_Michiko/Kichise_Michiko-105.jpg,Kichise_Michiko
gs://cloud-api-183809-vcm/actress_7gods/Kichise_Michiko/Kichise_Michiko-106.jpg,Kichise_Michiko
gs://cloud-api-183809-vcm/actress_7gods/Kichise_Michiko/Kichise_Michiko-107.jpg,Kichise_Michiko
gs://cloud-api-183809-vcm/actress_7gods/Kichise_Michiko/Kichise_Michiko-108.jpg,Kichise_Michiko
gs://cloud-api-183809-vcm/actress_7gods/Kichise_Michiko/Kichise_Michiko-109.jpg,Kichise_Michiko
gs://cloud-api-183809-vcm/actress_7gods/Kichise_Michiko/Kichise_Michiko-110.jpg,Kichise_Michiko
gs://cloud-api-183809-vcm/actress_7gods/Kichise_Michiko/Kichise_Michiko-111.jpg,Kichise_Michiko
gs://cloud-api-183809-vcm/actress_7gods/Kichise_Michiko/Kichise_Michiko-112.jpg,Kichise_Michiko
gs://cloud-api-183809-vcm/actress_7gods/Kichise_Michiko/Kichise_Michiko-113.jpg,Kichise_Michiko
gs://cloud-api-183809-vcm/actress_7gods/Kichise_Michiko/Kichise_Michiko-114.jpg,Kichise_Michiko
gs://cloud-api-183809-vcm/actress_7gods/Kichise_Michiko/Kichise_Michiko-115.jpg,Kichise_Michiko
gs://cloud-api-183809-vcm/actress_7gods/Kichise_Michiko/Kichise_Michiko-116.jpg,Kichise_Michiko
gs://cloud-api-183809-vcm/actress_7gods/Kichise_Michiko/Kichise_Michiko-117.jpg,Kichise_Michiko
gs://cloud-api-183809-vcm/actress_7gods/Kichise_Michiko/Kichise_Michiko-118.jpg,Kichise_Michiko
gs://cloud-api-183809-vcm/actress_7gods/Kichise_Michiko/Kichise_Michiko-119.jpg,Kichise_Michiko
gs://cloud-api-183809-vcm/actress_7gods/Kichise_Michiko/Kichise_Michiko-120.jpg,Kichise_Michiko
gs://cloud-api-183809-vcm/actress_7gods/Kichise_Michiko/Kichise_Michiko-121.jpg,Kichise_Michiko
gs://cloud-api-183809-vcm/actress_7gods/Kichise_Michiko/Kichise_Michiko-122.jpg,Kichise_Michiko
gs://cloud-api-183809-vcm/actress_7gods/Kichise_Michiko/Kichise_Michiko-123.jpg,Kichise_Michiko
gs://cloud-api-183809-vcm/actress_7gods/Kichise_Michiko/Kichise_Michiko-124.jpg,Kichise_Michiko
gs://cloud-api-183809-vcm/actress_7gods/Kichise_Michiko/Kichise_Michiko-125.jpg,Kichise_Michiko
gs://cloud-api-183809-vcm/actress_7gods/Kichise_Michiko/Kichise_Michiko-126.jpg,Kichise_Michiko
gs://cloud-api-183809-vcm/actress_7gods/Kichise_Michiko/Kichise_Michiko-127.jpg,Kichise_Michiko
gs://cloud-api-183809-vcm/actress_7gods/Kichise_Michiko/Kichise_Michiko-128.jpg,Kichise_Michiko
gs://cloud-api-183809-vcm/actress_7gods/Kichise_Michiko/Kichise_Michiko-129.jpg,Kichise_Michiko
gs://cloud-api-183809-vcm/actress_7gods/Kichise_Michiko/Kichise_Michiko-130.jpg,Kichise_Michiko
gs://cloud-api-183809-vcm/actress_7gods/Kichise_Michiko/Kichise_Michiko-131.jpg,Kichise_Michiko
gs://cloud-api-183809-vcm/actress_7gods/Kichise_Michiko/Kichise_Michiko-132.jpg,Kichise_Michiko
gs://cloud-api-183809-vcm/actress_7gods/Kichise_Michiko/Kichise_Michiko-133.jpg,Kichise_Michiko
gs://cloud-api-183809-vcm/actress_7gods/Kichise_Michiko/Kichise_Michiko-134.jpg,Kichise_Michiko
gs://cloud-api-183809-vcm/actress_7gods/Kichise_Michiko/Kichise_Michiko-135.jpg,Kichise_Michiko
gs://cloud-api-183809-vcm/actress_7gods/Kichise_Michiko/Kichise_Michiko-136.jpg,Kichise_Michiko
gs://cloud-api-183809-vcm/actress_7gods/Kichise_Michiko/Kichise_Michiko-137.jpg,Kichise_Michiko
gs://cloud-api-183809-vcm/actress_7gods/Kichise_Michiko/Kichise_Michiko-138.jpg,Kichise_Michiko
gs://cloud-api-183809-vcm/actress_7gods/Kichise_Michiko/Kichise_Michiko-139.jpg,Kichise_Michiko
gs://cloud-api-183809-vcm/actress_7gods/Kichise_Michiko/Kichise_Michiko-140.jpg,Kichise_Michiko
gs://cloud-api-183809-vcm/actress_7gods/Kichise_Michiko/Kichise_Michiko-141.jpg,Kichise_Michiko
gs://cloud-api-183809-vcm/actress_7gods/Kichise_Michiko/Kichise_Michiko-142.jpg,Kichise_Michiko
gs://cloud-api-183809-vcm/actress_7gods/Kichise_Michiko/Kichise_Michiko-143.jpg,Kichise_Michiko
gs://cloud-api-183809-vcm/actress_7gods/Kichise_Michiko/Kichise_Michiko-144.jpg,Kichise_Michiko
gs://cloud-api-183809-vcm/actress_7gods/Kichise_Michiko/Kichise_Michiko-145.jpg,Kichise_Michiko
gs://cloud-api-183809-vcm/actress_7gods/Kichise_Michiko/Kichise_Michiko-146.jpg,Kichise_Michiko
gs://cloud-api-183809-vcm/actress_7gods/Kichise_Michiko/Kichise_Michiko-147.jpg,Kichise_Michiko
gs://cloud-api-183809-vcm/actress_7gods/Kichise_Michiko/Kichise_Michiko-148.jpg,Kichise_Michiko
gs://cloud-api-183809-vcm/actress_7gods/Kichise_Michiko/Kichise_Michiko-149.jpg,Kichise_Michiko
gs://cloud-api-183809-vcm/actress_7gods/Kichise_Michiko/Kichise_Michiko-150.jpg,Kichise_Michiko
gs://cloud-api-183809-vcm/actress_7gods/Kichise_Michiko/Kichise_Michiko-151.jpg,Kichise_Michiko
gs://cloud-api-183809-vcm/actress_7gods/Kichise_Michiko/Kichise_Michiko-152.jpg,Kichise_Michiko
gs://cloud-api-183809-vcm/actress_7gods/Kichise_Michiko/Kichise_Michiko-153.jpg,Kichise_Michiko
gs://cloud-api-183809-vcm/actress_7gods/Kichise_Michiko/Kichise_Michiko-154.jpg,Kichise_Michiko
gs://cloud-api-183809-vcm/actress_7gods/Kichise_Michiko/Kichise_Michiko-155.jpg,Kichise_Michiko
gs://cloud-api-183809-vcm/actress_7gods/Kichise_Michiko/Kichise_Michiko-156.jpg,Kichise_Michiko
gs://cloud-api-183809-vcm/actress_7gods/Kichise_Michiko/Kichise_Michiko-157.jpg,Kichise_Michiko
gs://cloud-api-183809-vcm/actress_7gods/Kichise_Michiko/Kichise_Michiko-158.jpg,Kichise_Michiko
gs://cloud-api-183809-vcm/actress_7gods/Kichise_Michiko/Kichise_Michiko-159.jpg,Kichise_Michiko
gs://cloud-api-183809-vcm/actress_7gods/Kichise_Michiko/Kichise_Michiko-160.jpg,Kichise_Michiko
gs://cloud-api-183809-vcm/actress_7gods/Nakajyo_Ayami/Nakajyo_Ayami-001.jpg,Nakajyo_Ayami
gs://cloud-api-183809-vcm/actress_7gods/Nakajyo_Ayami/Nakajyo_Ayami-002.jpg,Nakajyo_Ayami
gs://cloud-api-183809-vcm/actress_7gods/Nakajyo_Ayami/Nakajyo_Ayami-003.jpg,Nakajyo_Ayami
gs://cloud-api-183809-vcm/actress_7gods/Nakajyo_Ayami/Nakajyo_Ayami-004.jpg,Nakajyo_Ayami
gs://cloud-api-183809-vcm/actress_7gods/Nakajyo_Ayami/Nakajyo_Ayami-005.jpg,Nakajyo_Ayami
gs://cloud-api-183809-vcm/actress_7gods/Nakajyo_Ayami/Nakajyo_Ayami-006.jpg,Nakajyo_Ayami
gs://cloud-api-183809-vcm/actress_7gods/Nakajyo_Ayami/Nakajyo_Ayami-007.jpg,Nakajyo_Ayami
gs://cloud-api-183809-vcm/actress_7gods/Nakajyo_Ayami/Nakajyo_Ayami-008.jpg,Nakajyo_Ayami
gs://cloud-api-183809-vcm/actress_7gods/Nakajyo_Ayami/Nakajyo_Ayami-009.jpg,Nakajyo_Ayami
gs://cloud-api-183809-vcm/actress_7gods/Nakajyo_Ayami/Nakajyo_Ayami-010.jpg,Nakajyo_Ayami
gs://cloud-api-183809-vcm/actress_7gods/Nakajyo_Ayami/Nakajyo_Ayami-011.jpg,Nakajyo_Ayami
gs://cloud-api-183809-vcm/actress_7gods/Nakajyo_Ayami/Nakajyo_Ayami-012.jpg,Nakajyo_Ayami
gs://cloud-api-183809-vcm/actress_7gods/Nakajyo_Ayami/Nakajyo_Ayami-013.jpg,Nakajyo_Ayami
gs://cloud-api-183809-vcm/actress_7gods/Nakajyo_Ayami/Nakajyo_Ayami-014.jpg,Nakajyo_Ayami
gs://cloud-api-183809-vcm/actress_7gods/Nakajyo_Ayami/Nakajyo_Ayami-015.jpg,Nakajyo_Ayami
gs://cloud-api-183809-vcm/actress_7gods/Nakajyo_Ayami/Nakajyo_Ayami-016.jpg,Nakajyo_Ayami
gs://cloud-api-183809-vcm/actress_7gods/Nakajyo_Ayami/Nakajyo_Ayami-017.jpg,Nakajyo_Ayami
gs://cloud-api-183809-vcm/actress_7gods/Nakajyo_Ayami/Nakajyo_Ayami-018.jpg,Nakajyo_Ayami
gs://cloud-api-183809-vcm/actress_7gods/Nakajyo_Ayami/Nakajyo_Ayami-019.jpg,Nakajyo_Ayami
gs://cloud-api-183809-vcm/actress_7gods/Nakajyo_Ayami/Nakajyo_Ayami-020.jpg,Nakajyo_Ayami
gs://cloud-api-183809-vcm/actress_7gods/Nakajyo_Ayami/Nakajyo_Ayami-021.jpg,Nakajyo_Ayami
gs://cloud-api-183809-vcm/actress_7gods/Nakajyo_Ayami/Nakajyo_Ayami-022.jpg,Nakajyo_Ayami
gs://cloud-api-183809-vcm/actress_7gods/Nakajyo_Ayami/Nakajyo_Ayami-023.jpg,Nakajyo_Ayami
gs://cloud-api-183809-vcm/actress_7gods/Nakajyo_Ayami/Nakajyo_Ayami-024.jpg,Nakajyo_Ayami
gs://cloud-api-183809-vcm/actress_7gods/Nakajyo_Ayami/Nakajyo_Ayami-025.jpg,Nakajyo_Ayami
gs://cloud-api-183809-vcm/actress_7gods/Nakajyo_Ayami/Nakajyo_Ayami-026.jpg,Nakajyo_Ayami
gs://cloud-api-183809-vcm/actress_7gods/Nakajyo_Ayami/Nakajyo_Ayami-027.jpg,Nakajyo_Ayami
gs://cloud-api-183809-vcm/actress_7gods/Nakajyo_Ayami/Nakajyo_Ayami-028.jpg,Nakajyo_Ayami
gs://cloud-api-183809-vcm/actress_7gods/Nakajyo_Ayami/Nakajyo_Ayami-029.jpg,Nakajyo_Ayami
gs://cloud-api-183809-vcm/actress_7gods/Nakajyo_Ayami/Nakajyo_Ayami-030.jpg,Nakajyo_Ayami
gs://cloud-api-183809-vcm/actress_7gods/Nakajyo_Ayami/Nakajyo_Ayami-031.jpg,Nakajyo_Ayami
gs://cloud-api-183809-vcm/actress_7gods/Nakajyo_Ayami/Nakajyo_Ayami-032.jpg,Nakajyo_Ayami
gs://cloud-api-183809-vcm/actress_7gods/Nakajyo_Ayami/Nakajyo_Ayami-033.jpg,Nakajyo_Ayami
gs://cloud-api-183809-vcm/actress_7gods/Nakajyo_Ayami/Nakajyo_Ayami-034.jpg,Nakajyo_Ayami
gs://cloud-api-183809-vcm/actress_7gods/Nakajyo_Ayami/Nakajyo_Ayami-035.jpg,Nakajyo_Ayami
gs://cloud-api-183809-vcm/actress_7gods/Nakajyo_Ayami/Nakajyo_Ayami-036.jpg,Nakajyo_Ayami
gs://cloud-api-183809-vcm/actress_7gods/Nakajyo_Ayami/Nakajyo_Ayami-037.jpg,Nakajyo_Ayami
gs://cloud-api-183809-vcm/actress_7gods/Nakajyo_Ayami/Nakajyo_Ayami-038.jpg,Nakajyo_Ayami
gs://cloud-api-183809-vcm/actress_7gods/Nakajyo_Ayami/Nakajyo_Ayami-039.jpg,Nakajyo_Ayami
gs://cloud-api-183809-vcm/actress_7gods/Nakajyo_Ayami/Nakajyo_Ayami-040.jpg,Nakajyo_Ayami
gs://cloud-api-183809-vcm/actress_7gods/Nakajyo_Ayami/Nakajyo_Ayami-041.jpg,Nakajyo_Ayami
gs://cloud-api-183809-vcm/actress_7gods/Nakajyo_Ayami/Nakajyo_Ayami-042.jpg,Nakajyo_Ayami
gs://cloud-api-183809-vcm/actress_7gods/Nakajyo_Ayami/Nakajyo_Ayami-043.jpg,Nakajyo_Ayami
gs://cloud-api-183809-vcm/actress_7gods/Nakajyo_Ayami/Nakajyo_Ayami-044.jpg,Nakajyo_Ayami
gs://cloud-api-183809-vcm/actress_7gods/Nakajyo_Ayami/Nakajyo_Ayami-045.jpg,Nakajyo_Ayami
gs://cloud-api-183809-vcm/actress_7gods/Nakajyo_Ayami/Nakajyo_Ayami-046.jpg,Nakajyo_Ayami
gs://cloud-api-183809-vcm/actress_7gods/Nakajyo_Ayami/Nakajyo_Ayami-047.jpg,Nakajyo_Ayami
gs://cloud-api-183809-vcm/actress_7gods/Nakajyo_Ayami/Nakajyo_Ayami-048.jpg,Nakajyo_Ayami
gs://cloud-api-183809-vcm/actress_7gods/Nakajyo_Ayami/Nakajyo_Ayami-049.jpg,Nakajyo_Ayami
gs://cloud-api-183809-vcm/actress_7gods/Nakajyo_Ayami/Nakajyo_Ayami-050.jpg,Nakajyo_Ayami
gs://cloud-api-183809-vcm/actress_7gods/Nakajyo_Ayami/Nakajyo_Ayami-051.jpg,Nakajyo_Ayami
gs://cloud-api-183809-vcm/actress_7gods/Nakajyo_Ayami/Nakajyo_Ayami-052.jpg,Nakajyo_Ayami
gs://cloud-api-183809-vcm/actress_7gods/Nakajyo_Ayami/Nakajyo_Ayami-053.jpg,Nakajyo_Ayami
gs://cloud-api-183809-vcm/actress_7gods/Nakajyo_Ayami/Nakajyo_Ayami-054.jpg,Nakajyo_Ayami
gs://cloud-api-183809-vcm/actress_7gods/Nakajyo_Ayami/Nakajyo_Ayami-055.jpg,Nakajyo_Ayami
gs://cloud-api-183809-vcm/actress_7gods/Nakajyo_Ayami/Nakajyo_Ayami-056.jpg,Nakajyo_Ayami
gs://cloud-api-183809-vcm/actress_7gods/Nakajyo_Ayami/Nakajyo_Ayami-057.jpg,Nakajyo_Ayami
gs://cloud-api-183809-vcm/actress_7gods/Nakajyo_Ayami/Nakajyo_Ayami-058.jpg,Nakajyo_Ayami
gs://cloud-api-183809-vcm/actress_7gods/Nakajyo_Ayami/Nakajyo_Ayami-059.jpg,Nakajyo_Ayami
gs://cloud-api-183809-vcm/actress_7gods/Nakajyo_Ayami/Nakajyo_Ayami-060.jpg,Nakajyo_Ayami
gs://cloud-api-183809-vcm/actress_7gods/Nakajyo_Ayami/Nakajyo_Ayami-061.jpg,Nakajyo_Ayami
gs://cloud-api-183809-vcm/actress_7gods/Nakajyo_Ayami/Nakajyo_Ayami-062.jpg,Nakajyo_Ayami
gs://cloud-api-183809-vcm/actress_7gods/Nakajyo_Ayami/Nakajyo_Ayami-063.jpg,Nakajyo_Ayami
gs://cloud-api-183809-vcm/actress_7gods/Nakajyo_Ayami/Nakajyo_Ayami-064.jpg,Nakajyo_Ayami
gs://cloud-api-183809-vcm/actress_7gods/Nakajyo_Ayami/Nakajyo_Ayami-065.jpg,Nakajyo_Ayami
gs://cloud-api-183809-vcm/actress_7gods/Nakajyo_Ayami/Nakajyo_Ayami-066.jpg,Nakajyo_Ayami
gs://cloud-api-183809-vcm/actress_7gods/Nakajyo_Ayami/Nakajyo_Ayami-067.jpg,Nakajyo_Ayami
gs://cloud-api-183809-vcm/actress_7gods/Nakajyo_Ayami/Nakajyo_Ayami-068.jpg,Nakajyo_Ayami
gs://cloud-api-183809-vcm/actress_7gods/Nakajyo_Ayami/Nakajyo_Ayami-069.jpg,Nakajyo_Ayami
gs://cloud-api-183809-vcm/actress_7gods/Nakajyo_Ayami/Nakajyo_Ayami-070.jpg,Nakajyo_Ayami
gs://cloud-api-183809-vcm/actress_7gods/Nakajyo_Ayami/Nakajyo_Ayami-071.jpg,Nakajyo_Ayami
gs://cloud-api-183809-vcm/actress_7gods/Nakajyo_Ayami/Nakajyo_Ayami-072.jpg,Nakajyo_Ayami
gs://cloud-api-183809-vcm/actress_7gods/Nakajyo_Ayami/Nakajyo_Ayami-073.jpg,Nakajyo_Ayami
gs://cloud-api-183809-vcm/actress_7gods/Nakajyo_Ayami/Nakajyo_Ayami-074.jpg,Nakajyo_Ayami
gs://cloud-api-183809-vcm/actress_7gods/Nakajyo_Ayami/Nakajyo_Ayami-075.jpg,Nakajyo_Ayami
gs://cloud-api-183809-vcm/actress_7gods/Nakajyo_Ayami/Nakajyo_Ayami-076.jpg,Nakajyo_Ayami
gs://cloud-api-183809-vcm/actress_7gods/Nakajyo_Ayami/Nakajyo_Ayami-077.jpg,Nakajyo_Ayami
gs://cloud-api-183809-vcm/actress_7gods/Nakajyo_Ayami/Nakajyo_Ayami-078.jpg,Nakajyo_Ayami
gs://cloud-api-183809-vcm/actress_7gods/Nakajyo_Ayami/Nakajyo_Ayami-079.jpg,Nakajyo_Ayami
gs://cloud-api-183809-vcm/actress_7gods/Nakajyo_Ayami/Nakajyo_Ayami-080.jpg,Nakajyo_Ayami
gs://cloud-api-183809-vcm/actress_7gods/Nakajyo_Ayami/Nakajyo_Ayami-081.jpg,Nakajyo_Ayami
gs://cloud-api-183809-vcm/actress_7gods/Nakajyo_Ayami/Nakajyo_Ayami-082.jpg,Nakajyo_Ayami
gs://cloud-api-183809-vcm/actress_7gods/Nakajyo_Ayami/Nakajyo_Ayami-083.jpg,Nakajyo_Ayami
gs://cloud-api-183809-vcm/actress_7gods/Nakajyo_Ayami/Nakajyo_Ayami-084.jpg,Nakajyo_Ayami
gs://cloud-api-183809-vcm/actress_7gods/Nakajyo_Ayami/Nakajyo_Ayami-085.jpg,Nakajyo_Ayami
gs://cloud-api-183809-vcm/actress_7gods/Nakajyo_Ayami/Nakajyo_Ayami-086.jpg,Nakajyo_Ayami
gs://cloud-api-183809-vcm/actress_7gods/Nakajyo_Ayami/Nakajyo_Ayami-087.jpg,Nakajyo_Ayami
gs://cloud-api-183809-vcm/actress_7gods/Nakajyo_Ayami/Nakajyo_Ayami-088.jpg,Nakajyo_Ayami
gs://cloud-api-183809-vcm/actress_7gods/Nakajyo_Ayami/Nakajyo_Ayami-089.jpg,Nakajyo_Ayami
gs://cloud-api-183809-vcm/actress_7gods/Nakajyo_Ayami/Nakajyo_Ayami-090.jpg,Nakajyo_Ayami
gs://cloud-api-183809-vcm/actress_7gods/Nakajyo_Ayami/Nakajyo_Ayami-091.jpg,Nakajyo_Ayami
gs://cloud-api-183809-vcm/actress_7gods/Nakajyo_Ayami/Nakajyo_Ayami-092.jpg,Nakajyo_Ayami
gs://cloud-api-183809-vcm/actress_7gods/Nakajyo_Ayami/Nakajyo_Ayami-093.jpg,Nakajyo_Ayami
gs://cloud-api-183809-vcm/actress_7gods/Nakajyo_Ayami/Nakajyo_Ayami-094.jpg,Nakajyo_Ayami
gs://cloud-api-183809-vcm/actress_7gods/Nakajyo_Ayami/Nakajyo_Ayami-095.jpg,Nakajyo_Ayami
gs://cloud-api-183809-vcm/actress_7gods/Nakajyo_Ayami/Nakajyo_Ayami-096.jpg,Nakajyo_Ayami
gs://cloud-api-183809-vcm/actress_7gods/Nakajyo_Ayami/Nakajyo_Ayami-097.jpg,Nakajyo_Ayami
gs://cloud-api-183809-vcm/actress_7gods/Nakajyo_Ayami/Nakajyo_Ayami-098.jpg,Nakajyo_Ayami
gs://cloud-api-183809-vcm/actress_7gods/Nakajyo_Ayami/Nakajyo_Ayami-099.jpg,Nakajyo_Ayami
gs://cloud-api-183809-vcm/actress_7gods/Nakajyo_Ayami/Nakajyo_Ayami-100.jpg,Nakajyo_Ayami
gs://cloud-api-183809-vcm/actress_7gods/Nakajyo_Ayami/Nakajyo_Ayami-101.jpg,Nakajyo_Ayami
gs://cloud-api-183809-vcm/actress_7gods/Nakajyo_Ayami/Nakajyo_Ayami-102.jpg,Nakajyo_Ayami
gs://cloud-api-183809-vcm/actress_7gods/Nakajyo_Ayami/Nakajyo_Ayami-103.jpg,Nakajyo_Ayami
gs://cloud-api-183809-vcm/actress_7gods/Nakajyo_Ayami/Nakajyo_Ayami-104.jpg,Nakajyo_Ayami
gs://cloud-api-183809-vcm/actress_7gods/Nakajyo_Ayami/Nakajyo_Ayami-105.jpg,Nakajyo_Ayami
gs://cloud-api-183809-vcm/actress_7gods/Nakajyo_Ayami/Nakajyo_Ayami-106.jpg,Nakajyo_Ayami
gs://cloud-api-183809-vcm/actress_7gods/Nakajyo_Ayami/Nakajyo_Ayami-107.jpg,Nakajyo_Ayami
gs://cloud-api-183809-vcm/actress_7gods/Nakajyo_Ayami/Nakajyo_Ayami-108.jpg,Nakajyo_Ayami
gs://cloud-api-183809-vcm/actress_7gods/Nakajyo_Ayami/Nakajyo_Ayami-109.jpg,Nakajyo_Ayami
gs://cloud-api-183809-vcm/actress_7gods/Nakajyo_Ayami/Nakajyo_Ayami-110.jpg,Nakajyo_Ayami
gs://cloud-api-183809-vcm/actress_7gods/Nakajyo_Ayami/Nakajyo_Ayami-111.jpg,Nakajyo_Ayami
gs://cloud-api-183809-vcm/actress_7gods/Nakajyo_Ayami/Nakajyo_Ayami-112.jpg,Nakajyo_Ayami
gs://cloud-api-183809-vcm/actress_7gods/Nakajyo_Ayami/Nakajyo_Ayami-113.jpg,Nakajyo_Ayami
gs://cloud-api-183809-vcm/actress_7gods/Nakajyo_Ayami/Nakajyo_Ayami-114.jpg,Nakajyo_Ayami
gs://cloud-api-183809-vcm/actress_7gods/Nakajyo_Ayami/Nakajyo_Ayami-115.jpg,Nakajyo_Ayami
gs://cloud-api-183809-vcm/actress_7gods/Nakajyo_Ayami/Nakajyo_Ayami-116.jpg,Nakajyo_Ayami
gs://cloud-api-183809-vcm/actress_7gods/Nakajyo_Ayami/Nakajyo_Ayami-117.jpg,Nakajyo_Ayami
gs://cloud-api-183809-vcm/actress_7gods/Nakajyo_Ayami/Nakajyo_Ayami-118.jpg,Nakajyo_Ayami
gs://cloud-api-183809-vcm/actress_7gods/Nakajyo_Ayami/Nakajyo_Ayami-119.jpg,Nakajyo_Ayami
gs://cloud-api-183809-vcm/actress_7gods/Nakajyo_Ayami/Nakajyo_Ayami-120.jpg,Nakajyo_Ayami
gs://cloud-api-183809-vcm/actress_7gods/Nakajyo_Ayami/Nakajyo_Ayami-121.jpg,Nakajyo_Ayami
gs://cloud-api-183809-vcm/actress_7gods/Nakajyo_Ayami/Nakajyo_Ayami-122.jpg,Nakajyo_Ayami
gs://cloud-api-183809-vcm/actress_7gods/Nakajyo_Ayami/Nakajyo_Ayami-123.jpg,Nakajyo_Ayami
gs://cloud-api-183809-vcm/actress_7gods/Nakajyo_Ayami/Nakajyo_Ayami-124.jpg,Nakajyo_Ayami
gs://cloud-api-183809-vcm/actress_7gods/Nakajyo_Ayami/Nakajyo_Ayami-125.jpg,Nakajyo_Ayami
gs://cloud-api-183809-vcm/actress_7gods/Nakajyo_Ayami/Nakajyo_Ayami-126.jpg,Nakajyo_Ayami
gs://cloud-api-183809-vcm/actress_7gods/Nakajyo_Ayami/Nakajyo_Ayami-127.jpg,Nakajyo_Ayami
gs://cloud-api-183809-vcm/actress_7gods/Nakajyo_Ayami/Nakajyo_Ayami-128.jpg,Nakajyo_Ayami
gs://cloud-api-183809-vcm/actress_7gods/Nakajyo_Ayami/Nakajyo_Ayami-129.jpg,Nakajyo_Ayami
gs://cloud-api-183809-vcm/actress_7gods/Nakajyo_Ayami/Nakajyo_Ayami-130.jpg,Nakajyo_Ayami
gs://cloud-api-183809-vcm/actress_7gods/Nakajyo_Ayami/Nakajyo_Ayami-131.jpg,Nakajyo_Ayami
gs://cloud-api-183809-vcm/actress_7gods/Nakajyo_Ayami/Nakajyo_Ayami-132.jpg,Nakajyo_Ayami
gs://cloud-api-183809-vcm/actress_7gods/Nakajyo_Ayami/Nakajyo_Ayami-133.jpg,Nakajyo_Ayami
gs://cloud-api-183809-vcm/actress_7gods/Nakajyo_Ayami/Nakajyo_Ayami-134.jpg,Nakajyo_Ayami
gs://cloud-api-183809-vcm/actress_7gods/Nakajyo_Ayami/Nakajyo_Ayami-135.jpg,Nakajyo_Ayami
gs://cloud-api-183809-vcm/actress_7gods/Nakajyo_Ayami/Nakajyo_Ayami-136.jpg,Nakajyo_Ayami
gs://cloud-api-183809-vcm/actress_7gods/Nakajyo_Ayami/Nakajyo_Ayami-137.jpg,Nakajyo_Ayami
gs://cloud-api-183809-vcm/actress_7gods/Nakajyo_Ayami/Nakajyo_Ayami-138.jpg,Nakajyo_Ayami
gs://cloud-api-183809-vcm/actress_7gods/Nakajyo_Ayami/Nakajyo_Ayami-139.jpg,Nakajyo_Ayami
gs://cloud-api-183809-vcm/actress_7gods/Nakajyo_Ayami/Nakajyo_Ayami-140.jpg,Nakajyo_Ayami
gs://cloud-api-183809-vcm/actress_7gods/Nakajyo_Ayami/Nakajyo_Ayami-141.jpg,Nakajyo_Ayami
gs://cloud-api-183809-vcm/actress_7gods/Nakajyo_Ayami/Nakajyo_Ayami-142.jpg,Nakajyo_Ayami
gs://cloud-api-183809-vcm/actress_7gods/Nakajyo_Ayami/Nakajyo_Ayami-143.jpg,Nakajyo_Ayami
gs://cloud-api-183809-vcm/actress_7gods/Nakajyo_Ayami/Nakajyo_Ayami-144.jpg,Nakajyo_Ayami
gs://cloud-api-183809-vcm/actress_7gods/Nakajyo_Ayami/Nakajyo_Ayami-145.jpg,Nakajyo_Ayami
gs://cloud-api-183809-vcm/actress_7gods/Nakajyo_Ayami/Nakajyo_Ayami-146.jpg,Nakajyo_Ayami
gs://cloud-api-183809-vcm/actress_7gods/Nakajyo_Ayami/Nakajyo_Ayami-147.jpg,Nakajyo_Ayami
gs://cloud-api-183809-vcm/actress_7gods/Nakajyo_Ayami/Nakajyo_Ayami-148.jpg,Nakajyo_Ayami
gs://cloud-api-183809-vcm/actress_7gods/Nakajyo_Ayami/Nakajyo_Ayami-149.jpg,Nakajyo_Ayami
gs://cloud-api-183809-vcm/actress_7gods/Nakajyo_Ayami/Nakajyo_Ayami-150.jpg,Nakajyo_Ayami
gs://cloud-api-183809-vcm/actress_7gods/Nakajyo_Ayami/Nakajyo_Ayami-151.jpg,Nakajyo_Ayami
gs://cloud-api-183809-vcm/actress_7gods/Nakajyo_Ayami/Nakajyo_Ayami-152.jpg,Nakajyo_Ayami
gs://cloud-api-183809-vcm/actress_7gods/Nakajyo_Ayami/Nakajyo_Ayami-153.jpg,Nakajyo_Ayami
gs://cloud-api-183809-vcm/actress_7gods/Nakamura_Yuri/Nakamura_Yuri-001.jpg,Nakamura_Yuri
gs://cloud-api-183809-vcm/actress_7gods/Nakamura_Yuri/Nakamura_Yuri-002.jpg,Nakamura_Yuri
gs://cloud-api-183809-vcm/actress_7gods/Nakamura_Yuri/Nakamura_Yuri-003.jpg,Nakamura_Yuri
gs://cloud-api-183809-vcm/actress_7gods/Nakamura_Yuri/Nakamura_Yuri-004.jpg,Nakamura_Yuri
gs://cloud-api-183809-vcm/actress_7gods/Nakamura_Yuri/Nakamura_Yuri-005.jpg,Nakamura_Yuri
gs://cloud-api-183809-vcm/actress_7gods/Nakamura_Yuri/Nakamura_Yuri-006.jpg,Nakamura_Yuri
gs://cloud-api-183809-vcm/actress_7gods/Nakamura_Yuri/Nakamura_Yuri-007.jpg,Nakamura_Yuri
gs://cloud-api-183809-vcm/actress_7gods/Nakamura_Yuri/Nakamura_Yuri-008.jpg,Nakamura_Yuri
gs://cloud-api-183809-vcm/actress_7gods/Nakamura_Yuri/Nakamura_Yuri-009.jpg,Nakamura_Yuri
gs://cloud-api-183809-vcm/actress_7gods/Nakamura_Yuri/Nakamura_Yuri-010.jpg,Nakamura_Yuri
gs://cloud-api-183809-vcm/actress_7gods/Nakamura_Yuri/Nakamura_Yuri-011.jpg,Nakamura_Yuri
gs://cloud-api-183809-vcm/actress_7gods/Nakamura_Yuri/Nakamura_Yuri-012.jpg,Nakamura_Yuri
gs://cloud-api-183809-vcm/actress_7gods/Nakamura_Yuri/Nakamura_Yuri-013.jpg,Nakamura_Yuri
gs://cloud-api-183809-vcm/actress_7gods/Nakamura_Yuri/Nakamura_Yuri-014.jpg,Nakamura_Yuri
gs://cloud-api-183809-vcm/actress_7gods/Nakamura_Yuri/Nakamura_Yuri-015.jpg,Nakamura_Yuri
gs://cloud-api-183809-vcm/actress_7gods/Nakamura_Yuri/Nakamura_Yuri-016.jpg,Nakamura_Yuri
gs://cloud-api-183809-vcm/actress_7gods/Nakamura_Yuri/Nakamura_Yuri-017.jpg,Nakamura_Yuri
gs://cloud-api-183809-vcm/actress_7gods/Nakamura_Yuri/Nakamura_Yuri-018.jpg,Nakamura_Yuri
gs://cloud-api-183809-vcm/actress_7gods/Nakamura_Yuri/Nakamura_Yuri-019.jpg,Nakamura_Yuri
gs://cloud-api-183809-vcm/actress_7gods/Nakamura_Yuri/Nakamura_Yuri-020.jpg,Nakamura_Yuri
gs://cloud-api-183809-vcm/actress_7gods/Nakamura_Yuri/Nakamura_Yuri-021.jpg,Nakamura_Yuri
gs://cloud-api-183809-vcm/actress_7gods/Nakamura_Yuri/Nakamura_Yuri-022.jpg,Nakamura_Yuri
gs://cloud-api-183809-vcm/actress_7gods/Nakamura_Yuri/Nakamura_Yuri-023.jpg,Nakamura_Yuri
gs://cloud-api-183809-vcm/actress_7gods/Nakamura_Yuri/Nakamura_Yuri-024.jpg,Nakamura_Yuri
gs://cloud-api-183809-vcm/actress_7gods/Nakamura_Yuri/Nakamura_Yuri-025.jpg,Nakamura_Yuri
gs://cloud-api-183809-vcm/actress_7gods/Nakamura_Yuri/Nakamura_Yuri-026.jpg,Nakamura_Yuri
gs://cloud-api-183809-vcm/actress_7gods/Nakamura_Yuri/Nakamura_Yuri-027.jpg,Nakamura_Yuri
gs://cloud-api-183809-vcm/actress_7gods/Nakamura_Yuri/Nakamura_Yuri-028.jpg,Nakamura_Yuri
gs://cloud-api-183809-vcm/actress_7gods/Nakamura_Yuri/Nakamura_Yuri-029.jpg,Nakamura_Yuri
gs://cloud-api-183809-vcm/actress_7gods/Nakamura_Yuri/Nakamura_Yuri-030.jpg,Nakamura_Yuri
gs://cloud-api-183809-vcm/actress_7gods/Nakamura_Yuri/Nakamura_Yuri-031.jpg,Nakamura_Yuri
gs://cloud-api-183809-vcm/actress_7gods/Nakamura_Yuri/Nakamura_Yuri-032.jpg,Nakamura_Yuri
gs://cloud-api-183809-vcm/actress_7gods/Nakamura_Yuri/Nakamura_Yuri-033.jpg,Nakamura_Yuri
gs://cloud-api-183809-vcm/actress_7gods/Nakamura_Yuri/Nakamura_Yuri-034.jpg,Nakamura_Yuri
gs://cloud-api-183809-vcm/actress_7gods/Nakamura_Yuri/Nakamura_Yuri-035.jpg,Nakamura_Yuri
gs://cloud-api-183809-vcm/actress_7gods/Nakamura_Yuri/Nakamura_Yuri-036.jpg,Nakamura_Yuri
gs://cloud-api-183809-vcm/actress_7gods/Nakamura_Yuri/Nakamura_Yuri-037.jpg,Nakamura_Yuri
gs://cloud-api-183809-vcm/actress_7gods/Nakamura_Yuri/Nakamura_Yuri-038.jpg,Nakamura_Yuri
gs://cloud-api-183809-vcm/actress_7gods/Nakamura_Yuri/Nakamura_Yuri-039.jpg,Nakamura_Yuri
gs://cloud-api-183809-vcm/actress_7gods/Nakamura_Yuri/Nakamura_Yuri-040.jpg,Nakamura_Yuri
gs://cloud-api-183809-vcm/actress_7gods/Nakamura_Yuri/Nakamura_Yuri-041.jpg,Nakamura_Yuri
gs://cloud-api-183809-vcm/actress_7gods/Nakamura_Yuri/Nakamura_Yuri-042.jpg,Nakamura_Yuri
gs://cloud-api-183809-vcm/actress_7gods/Nakamura_Yuri/Nakamura_Yuri-043.jpg,Nakamura_Yuri
gs://cloud-api-183809-vcm/actress_7gods/Nakamura_Yuri/Nakamura_Yuri-044.jpg,Nakamura_Yuri
gs://cloud-api-183809-vcm/actress_7gods/Nakamura_Yuri/Nakamura_Yuri-045.jpg,Nakamura_Yuri
gs://cloud-api-183809-vcm/actress_7gods/Nakamura_Yuri/Nakamura_Yuri-046.jpg,Nakamura_Yuri
gs://cloud-api-183809-vcm/actress_7gods/Nakamura_Yuri/Nakamura_Yuri-047.jpg,Nakamura_Yuri
gs://cloud-api-183809-vcm/actress_7gods/Nakamura_Yuri/Nakamura_Yuri-048.jpg,Nakamura_Yuri
gs://cloud-api-183809-vcm/actress_7gods/Nakamura_Yuri/Nakamura_Yuri-049.jpg,Nakamura_Yuri
gs://cloud-api-183809-vcm/actress_7gods/Nakamura_Yuri/Nakamura_Yuri-050.jpg,Nakamura_Yuri
gs://cloud-api-183809-vcm/actress_7gods/Nakamura_Yuri/Nakamura_Yuri-051.jpg,Nakamura_Yuri
gs://cloud-api-183809-vcm/actress_7gods/Nakamura_Yuri/Nakamura_Yuri-052.jpg,Nakamura_Yuri
gs://cloud-api-183809-vcm/actress_7gods/Nakamura_Yuri/Nakamura_Yuri-053.jpg,Nakamura_Yuri
gs://cloud-api-183809-vcm/actress_7gods/Nakamura_Yuri/Nakamura_Yuri-054.jpg,Nakamura_Yuri
gs://cloud-api-183809-vcm/actress_7gods/Nakamura_Yuri/Nakamura_Yuri-055.jpg,Nakamura_Yuri
gs://cloud-api-183809-vcm/actress_7gods/Nakamura_Yuri/Nakamura_Yuri-056.jpg,Nakamura_Yuri
gs://cloud-api-183809-vcm/actress_7gods/Nakamura_Yuri/Nakamura_Yuri-057.jpg,Nakamura_Yuri
gs://cloud-api-183809-vcm/actress_7gods/Nakamura_Yuri/Nakamura_Yuri-058.jpg,Nakamura_Yuri
gs://cloud-api-183809-vcm/actress_7gods/Nakamura_Yuri/Nakamura_Yuri-059.jpg,Nakamura_Yuri
gs://cloud-api-183809-vcm/actress_7gods/Nakamura_Yuri/Nakamura_Yuri-060.jpg,Nakamura_Yuri
gs://cloud-api-183809-vcm/actress_7gods/Nakamura_Yuri/Nakamura_Yuri-061.jpg,Nakamura_Yuri
gs://cloud-api-183809-vcm/actress_7gods/Nakamura_Yuri/Nakamura_Yuri-062.jpg,Nakamura_Yuri
gs://cloud-api-183809-vcm/actress_7gods/Nakamura_Yuri/Nakamura_Yuri-063.jpg,Nakamura_Yuri
gs://cloud-api-183809-vcm/actress_7gods/Nakamura_Yuri/Nakamura_Yuri-064.jpg,Nakamura_Yuri
gs://cloud-api-183809-vcm/actress_7gods/Nakamura_Yuri/Nakamura_Yuri-065.jpg,Nakamura_Yuri
gs://cloud-api-183809-vcm/actress_7gods/Nakamura_Yuri/Nakamura_Yuri-066.jpg,Nakamura_Yuri
gs://cloud-api-183809-vcm/actress_7gods/Nakamura_Yuri/Nakamura_Yuri-067.jpg,Nakamura_Yuri
gs://cloud-api-183809-vcm/actress_7gods/Nakamura_Yuri/Nakamura_Yuri-068.jpg,Nakamura_Yuri
gs://cloud-api-183809-vcm/actress_7gods/Nakamura_Yuri/Nakamura_Yuri-069.jpg,Nakamura_Yuri
gs://cloud-api-183809-vcm/actress_7gods/Nakamura_Yuri/Nakamura_Yuri-070.jpg,Nakamura_Yuri
gs://cloud-api-183809-vcm/actress_7gods/Nakamura_Yuri/Nakamura_Yuri-071.jpg,Nakamura_Yuri
gs://cloud-api-183809-vcm/actress_7gods/Nakamura_Yuri/Nakamura_Yuri-072.jpg,Nakamura_Yuri
gs://cloud-api-183809-vcm/actress_7gods/Nakamura_Yuri/Nakamura_Yuri-073.jpg,Nakamura_Yuri
gs://cloud-api-183809-vcm/actress_7gods/Nakamura_Yuri/Nakamura_Yuri-074.jpg,Nakamura_Yuri
gs://cloud-api-183809-vcm/actress_7gods/Nakamura_Yuri/Nakamura_Yuri-075.jpg,Nakamura_Yuri
gs://cloud-api-183809-vcm/actress_7gods/Nakamura_Yuri/Nakamura_Yuri-076.jpg,Nakamura_Yuri
gs://cloud-api-183809-vcm/actress_7gods/Nakamura_Yuri/Nakamura_Yuri-077.jpg,Nakamura_Yuri
gs://cloud-api-183809-vcm/actress_7gods/Nakamura_Yuri/Nakamura_Yuri-078.jpg,Nakamura_Yuri
gs://cloud-api-183809-vcm/actress_7gods/Nakamura_Yuri/Nakamura_Yuri-079.jpg,Nakamura_Yuri
gs://cloud-api-183809-vcm/actress_7gods/Nakamura_Yuri/Nakamura_Yuri-080.jpg,Nakamura_Yuri
gs://cloud-api-183809-vcm/actress_7gods/Nakamura_Yuri/Nakamura_Yuri-081.jpg,Nakamura_Yuri
gs://cloud-api-183809-vcm/actress_7gods/Nakamura_Yuri/Nakamura_Yuri-082.jpg,Nakamura_Yuri
gs://cloud-api-183809-vcm/actress_7gods/Nakamura_Yuri/Nakamura_Yuri-083.jpg,Nakamura_Yuri
gs://cloud-api-183809-vcm/actress_7gods/Nakamura_Yuri/Nakamura_Yuri-084.jpg,Nakamura_Yuri
gs://cloud-api-183809-vcm/actress_7gods/Nakamura_Yuri/Nakamura_Yuri-085.jpg,Nakamura_Yuri
gs://cloud-api-183809-vcm/actress_7gods/Nakamura_Yuri/Nakamura_Yuri-086.jpg,Nakamura_Yuri
gs://cloud-api-183809-vcm/actress_7gods/Nakamura_Yuri/Nakamura_Yuri-087.jpg,Nakamura_Yuri
gs://cloud-api-183809-vcm/actress_7gods/Nakamura_Yuri/Nakamura_Yuri-088.jpg,Nakamura_Yuri
gs://cloud-api-183809-vcm/actress_7gods/Nakamura_Yuri/Nakamura_Yuri-089.jpg,Nakamura_Yuri
gs://cloud-api-183809-vcm/actress_7gods/Nakamura_Yuri/Nakamura_Yuri-090.jpg,Nakamura_Yuri
gs://cloud-api-183809-vcm/actress_7gods/Nakamura_Yuri/Nakamura_Yuri-091.jpg,Nakamura_Yuri
gs://cloud-api-183809-vcm/actress_7gods/Nakamura_Yuri/Nakamura_Yuri-092.jpg,Nakamura_Yuri
gs://cloud-api-183809-vcm/actress_7gods/Nakamura_Yuri/Nakamura_Yuri-093.jpg,Nakamura_Yuri
gs://cloud-api-183809-vcm/actress_7gods/Nakamura_Yuri/Nakamura_Yuri-094.jpg,Nakamura_Yuri
gs://cloud-api-183809-vcm/actress_7gods/Nakamura_Yuri/Nakamura_Yuri-095.jpg,Nakamura_Yuri
gs://cloud-api-183809-vcm/actress_7gods/Nakamura_Yuri/Nakamura_Yuri-096.jpg,Nakamura_Yuri
gs://cloud-api-183809-vcm/actress_7gods/Nakamura_Yuri/Nakamura_Yuri-097.jpg,Nakamura_Yuri
gs://cloud-api-183809-vcm/actress_7gods/Nakamura_Yuri/Nakamura_Yuri-098.jpg,Nakamura_Yuri
gs://cloud-api-183809-vcm/actress_7gods/Nakamura_Yuri/Nakamura_Yuri-099.jpg,Nakamura_Yuri
gs://cloud-api-183809-vcm/actress_7gods/Nakamura_Yuri/Nakamura_Yuri-100.jpg,Nakamura_Yuri
gs://cloud-api-183809-vcm/actress_7gods/Nakamura_Yuri/Nakamura_Yuri-101.jpg,Nakamura_Yuri
gs://cloud-api-183809-vcm/actress_7gods/Nakamura_Yuri/Nakamura_Yuri-102.jpg,Nakamura_Yuri
gs://cloud-api-183809-vcm/actress_7gods/Nakamura_Yuri/Nakamura_Yuri-103.jpg,Nakamura_Yuri
gs://cloud-api-183809-vcm/actress_7gods/Nakamura_Yuri/Nakamura_Yuri-104.jpg,Nakamura_Yuri
gs://cloud-api-183809-vcm/actress_7gods/Nakamura_Yuri/Nakamura_Yuri-105.jpg,Nakamura_Yuri
gs://cloud-api-183809-vcm/actress_7gods/Nakamura_Yuri/Nakamura_Yuri-106.jpg,Nakamura_Yuri
gs://cloud-api-183809-vcm/actress_7gods/Nakamura_Yuri/Nakamura_Yuri-107.jpg,Nakamura_Yuri
gs://cloud-api-183809-vcm/actress_7gods/Nakamura_Yuri/Nakamura_Yuri-108.jpg,Nakamura_Yuri
gs://cloud-api-183809-vcm/actress_7gods/Nakamura_Yuri/Nakamura_Yuri-109.jpg,Nakamura_Yuri
gs://cloud-api-183809-vcm/actress_7gods/Nakamura_Yuri/Nakamura_Yuri-110.jpg,Nakamura_Yuri
gs://cloud-api-183809-vcm/actress_7gods/Nakamura_Yuri/Nakamura_Yuri-111.jpg,Nakamura_Yuri
gs://cloud-api-183809-vcm/actress_7gods/Nakamura_Yuri/Nakamura_Yuri-112.jpg,Nakamura_Yuri
gs://cloud-api-183809-vcm/actress_7gods/Nakamura_Yuri/Nakamura_Yuri-113.jpg,Nakamura_Yuri
gs://cloud-api-183809-vcm/actress_7gods/Nakamura_Yuri/Nakamura_Yuri-114.jpg,Nakamura_Yuri
gs://cloud-api-183809-vcm/actress_7gods/Nakamura_Yuri/Nakamura_Yuri-115.jpg,Nakamura_Yuri
gs://cloud-api-183809-vcm/actress_7gods/Nakamura_Yuri/Nakamura_Yuri-116.jpg,Nakamura_Yuri
gs://cloud-api-183809-vcm/actress_7gods/Nakamura_Yuri/Nakamura_Yuri-117.jpg,Nakamura_Yuri
gs://cloud-api-183809-vcm/actress_7gods/Nakamura_Yuri/Nakamura_Yuri-118.jpg,Nakamura_Yuri
gs://cloud-api-183809-vcm/actress_7gods/Nakamura_Yuri/Nakamura_Yuri-119.jpg,Nakamura_Yuri
gs://cloud-api-183809-vcm/actress_7gods/Nakamura_Yuri/Nakamura_Yuri-120.jpg,Nakamura_Yuri
gs://cloud-api-183809-vcm/actress_7gods/Nakamura_Yuri/Nakamura_Yuri-121.jpg,Nakamura_Yuri
gs://cloud-api-183809-vcm/actress_7gods/Nakamura_Yuri/Nakamura_Yuri-122.jpg,Nakamura_Yuri
gs://cloud-api-183809-vcm/actress_7gods/Nakamura_Yuri/Nakamura_Yuri-123.jpg,Nakamura_Yuri
gs://cloud-api-183809-vcm/actress_7gods/Nakamura_Yuri/Nakamura_Yuri-124.jpg,Nakamura_Yuri
gs://cloud-api-183809-vcm/actress_7gods/Nakamura_Yuri/Nakamura_Yuri-125.jpg,Nakamura_Yuri
gs://cloud-api-183809-vcm/actress_7gods/Nakamura_Yuri/Nakamura_Yuri-126.jpg,Nakamura_Yuri
gs://cloud-api-183809-vcm/actress_7gods/Nakamura_Yuri/Nakamura_Yuri-127.jpg,Nakamura_Yuri
gs://cloud-api-183809-vcm/actress_7gods/Nakamura_Yuri/Nakamura_Yuri-128.jpg,Nakamura_Yuri
gs://cloud-api-183809-vcm/actress_7gods/Nakamura_Yuri/Nakamura_Yuri-129.jpg,Nakamura_Yuri
gs://cloud-api-183809-vcm/actress_7gods/Nakamura_Yuri/Nakamura_Yuri-130.jpg,Nakamura_Yuri
gs://cloud-api-183809-vcm/actress_7gods/Nakamura_Yuri/Nakamura_Yuri-131.jpg,Nakamura_Yuri
gs://cloud-api-183809-vcm/actress_7gods/Nakamura_Yuri/Nakamura_Yuri-132.jpg,Nakamura_Yuri
gs://cloud-api-183809-vcm/actress_7gods/Nakamura_Yuri/Nakamura_Yuri-133.jpg,Nakamura_Yuri
gs://cloud-api-183809-vcm/actress_7gods/Nakamura_Yuri/Nakamura_Yuri-134.jpg,Nakamura_Yuri
gs://cloud-api-183809-vcm/actress_7gods/Nakamura_Yuri/Nakamura_Yuri-135.jpg,Nakamura_Yuri
gs://cloud-api-183809-vcm/actress_7gods/Nakamura_Yuri/Nakamura_Yuri-136.jpg,Nakamura_Yuri
gs://cloud-api-183809-vcm/actress_7gods/Nakamura_Yuri/Nakamura_Yuri-137.jpg,Nakamura_Yuri
